ParentalEducation,StudyTimeWeekly,Absences,GradeClass
2,19.8337228078547,7,C
1,15.4087560558467,0,B
3,4.21056976881226,26,F
3,10.0288294739582,14,D
2,4.67249527297133,17,F
1,8.19121854525019,0,B
1,15.6016804746993,10,C
4,15.4244963058081,22,F
0,4.5620075580477,1,C
1,18.4444663630972,0,A
1,11.8513636552965,11,D
1,7.59848581924029,15,F
1,10.0387116156172,21,F
2,12.1014250687549,21,F
1,11.1978106369157,9,D
2,9.72810071072356,17,F
1,10.098656081788,14,D
0,3.52823820855772,16,F
3,16.2546580860936,29,F
1,10.8352063988203,9,D
3,2.62159723409406,2,C
2,15.3231420316556,25,F
0,18.648879567547,29,F
4,18.9461379847392,20,F
1,7.38035464822346,15,F
3,2.71033747121508,5,C
1,10.3679925326613,2,C
3,2.25218458698441,8,D
0,18.6797483702523,10,C
2,3.67159254710292,20,F
2,5.05531719902328,12,F
3,8.13273053769941,17,F
3,7.66328937118252,25,F
3,15.8932578479578,21,F
3,9.12633641101925,27,F
1,3.41536520006674,23,F
1,5.34419790972148,26,F
1,10.1822677037504,21,F
1,2.9490783485227,3,B
1,12.2331135129203,21,F
2,11.3149461310229,23,F
1,14.2940463276452,7,C
2,18.7540923075874,12,C
1,18.2450912220231,9,C
1,18.9215123613766,1,A
2,4.89431194047402,7,C
2,2.63130613278709,5,C
2,6.04553400992897,15,F
2,17.9017034553263,17,D
1,19.4410694924698,16,D
2,17.1864990214095,5,C
0,2.20035442255087,12,F
1,18.9485599611959,22,F
2,8.46716054701572,13,F
0,0.186205815247074,29,F
1,8.84787481496387,25,F
4,0.921383393509352,20,F
4,10.8775584232224,29,F
1,6.77108054874103,9,C
0,9.46869867188098,23,F
1,12.2634072148623,10,F
1,17.3760219163564,12,D
3,13.2380315294386,11,D
1,8.68097736956361,8,D
2,16.3885570734073,3,B
1,18.1116427514626,6,B
4,2.39519932864394,23,F
1,10.6386595510558,28,F
2,5.69023919484888,21,F
1,0.941223957538948,1,B
2,13.3709339022797,6,C
1,17.2554155491845,28,F
1,3.25805308954788,8,C
3,16.248273152478,4,B
3,17.0679146707388,14,D
3,18.2868088533297,17,F
2,5.30570178172105,3,C
3,18.0790613037978,18,D
0,6.41325509472865,19,F
1,11.0467602691101,25,F
1,1.01014941664564,6,D
2,0.877621767374872,25,F
1,14.4074642546441,7,C
1,8.88959955955582,16,F
2,5.12584750738435,12,D
3,3.8082699204982,23,F
1,13.3990698171844,20,F
1,0.00803088050679746,27,F
1,16.1178233839371,22,F
1,1.58499212259858,10,D
1,3.82979229816239,26,F
2,7.72472790598179,0,A
2,9.69717479432207,1,A
2,7.09990231627884,16,D
1,6.41424329968588,4,C
3,19.2783202414638,29,F
1,12.8315936248679,29,F
2,0.468659107347764,5,C
3,8.60351816888626,25,F
1,17.5001739948794,24,F
1,6.02912372821336,23,F
3,1.89112689548776,6,C
1,15.1676954317984,27,F
2,12.1202766387216,20,F
0,11.4062501565301,29,F
2,1.07153119214816,14,D
1,2.80998019591035,18,F
0,12.4509879242623,15,F
2,4.15647682917672,24,F
1,10.0814015949685,12,C
1,10.8976337205879,4,B
0,5.67014380541879,2,A
1,18.9685031108299,2,B
1,16.8492821367115,18,F
0,14.447470152656,13,D
3,1.55987732818818,15,F
0,2.12260038618039,21,F
2,9.85562691729911,16,F
1,3.21426698381971,26,F
1,19.5653092705895,3,A
3,3.17040468054819,12,D
1,9.74935670927948,7,C
4,7.28242113683011,18,F
1,12.787728429082,4,B
2,2.5807281777885,1,B
2,8.60632856084782,14,C
3,5.49410065614287,1,A
2,17.7550304934338,10,C
2,0.811714242693902,12,D
1,18.2745498801292,22,F
1,16.65988277106,9,D
3,5.95141432881631,2,B
1,15.7858130935421,4,A
1,0.624271206774951,2,D
2,19.3373110058679,5,B
1,10.5318988517958,12,D
4,6.06562052130891,9,D
2,7.25166425189354,18,F
2,1.32810706920995,7,C
3,19.7869902808408,17,D
0,0.785838903013849,2,B
1,13.0981424629572,23,F
2,8.85471855412917,23,F
1,18.9783243637743,16,D
2,4.9199948061359,7,D
3,10.6417364787602,9,C
2,9.64712417165506,1,A
1,14.057328881002,11,D
4,1.36020463904841,22,F
2,3.8757826004671,5,C
2,4.291296401857,1,C
1,14.7630150968338,20,F
3,3.7827739265348,22,F
2,11.4698352778195,23,F
2,4.30487641001907,2,B
3,17.2324990016796,16,C
1,18.8437090897928,28,F
2,10.3698594988448,6,C
3,7.04617768418357,28,F
1,4.68115550034998,20,F
2,0.995620030460875,4,B
3,5.37000152394991,22,F
2,13.0847155989064,0,A
2,10.6723386261842,7,C
3,18.8808255656185,11,D
3,7.92554524983401,13,F
1,13.8772668465679,15,C
0,9.78645494950243,9,D
2,10.2515243184842,14,D
2,5.35548629208235,20,F
2,9.09901553683999,23,F
2,9.41569994025415,25,F
1,14.1328504349787,14,D
2,18.8127999837223,9,C
1,6.58642554965009,20,F
2,0.844009371625969,27,F
2,9.92590251001279,6,C
1,10.8892266429834,25,F
1,3.36881102263831,2,C
2,15.2092921255213,1,B
2,19.6985821688298,5,B
1,18.9154943401692,20,F
4,3.94212077647304,8,D
2,17.5072647980152,9,B
4,14.0898727282337,3,C
2,9.07693127613823,26,F
2,10.8122198864946,2,C
3,16.9920034996492,8,C
2,9.60269879276746,23,F
2,7.46414738210254,21,F
1,9.86494986051972,16,F
2,11.582596080701,13,D
1,3.78155307556698,9,D
1,18.0181546053398,12,D
0,13.4837389765923,11,C
0,12.6653783467498,26,F
4,1.98992452361276,0,B
1,12.0834787634518,27,F
2,2.41921324476985,21,F
3,1.57395350390798,28,F
2,10.5462179128479,18,F
1,8.0557106809299,18,F
2,11.7762054031245,5,C
2,1.78444336114477,12,D
2,8.61966125694517,18,F
2,3.49573430090316,12,D
4,19.7420017184823,26,F
2,11.2230042487035,25,F
1,13.7487372188173,21,F
2,6.50836561365216,20,F
0,1.89477829558688,3,C
3,19.5174172556707,23,F
1,5.72518070766366,1,B
1,8.47616370347149,14,F
3,12.9972784340515,11,D
2,0.493945953722226,29,F
1,16.2051826103457,26,F
2,10.7315638005724,6,C
3,5.56434374137644,19,F
1,1.23215970584939,17,F
3,3.24996830948883,22,F
0,17.9006771770687,12,D
2,13.7204844787178,16,F
3,4.9980344327378,3,C
1,1.31201529890059,24,F
2,13.8123062477327,13,F
1,11.4481545193553,19,F
2,8.0903904891647,27,F
2,7.27222898380128,12,F
2,4.33628551858217,2,B
1,13.3922251307504,25,F
1,19.4133605558774,25,F
0,3.51430491673652,17,F
1,11.9423324003101,13,F
2,8.48370111491952,14,F
3,8.9337744348933,2,C
2,5.08294560255629,0,C
2,16.5026975132284,25,F
4,9.70511208294482,23,F
2,10.8681170439653,16,F
3,6.09521825594652,2,B
2,3.636169313339,13,F
1,1.71820776405641,2,C
0,14.2823828184983,12,D
2,3.92468563375711,14,F
1,13.801507083776,17,D
1,7.80752892093908,13,F
2,8.31549601979303,20,F
2,9.38354992185543,25,F
2,7.35417016255086,2,C
1,2.0123995444518,18,F
1,6.19263620005692,7,D
2,13.2746872138788,3,C
4,13.3156880293774,3,B
2,5.72448614479989,18,F
3,9.20205253115376,10,D
2,3.86894456023875,0,B
2,4.20744163059672,7,C
1,0.460941768132148,14,F
2,17.9349309981549,0,B
2,4.21413330149813,6,D
2,4.55067753872927,20,F
2,5.59202865290264,19,F
2,2.54816143390858,19,F
1,12.7852576636273,23,F
2,1.50285906355173,10,D
1,2.68404852652701,26,F
3,12.8951345318019,28,F
1,6.79321240962886,13,F
0,14.1589565340238,21,F
2,11.1484948934028,15,F
2,5.12042346123026,13,F
2,13.0165590097866,11,D
1,2.32547360585761,16,F
2,10.7282076616006,13,D
1,8.74296210090069,9,C
3,5.35747165634882,23,F
3,12.08009995479,28,F
2,17.4266718468057,13,D
1,19.9780939952615,17,F
2,12.1552553748685,21,F
0,8.0941174865834,8,C
2,4.50414200432403,16,F
1,5.14192178790224,5,D
3,9.58909956299531,7,B
0,7.34555402561418,25,F
2,18.2762904524989,12,F
2,7.36590935311419,17,F
2,7.46889182290871,4,C
0,7.67069024867954,5,D
4,16.7324042073532,20,F
2,13.015766416938,18,F
2,12.2833770063779,3,B
1,6.68286044767724,6,C
2,16.3580835366488,3,B
2,0.767277227114023,24,F
0,17.4159434467623,10,B
1,10.2549979958786,11,F
3,7.96500469726826,13,C
1,9.94334561435371,12,F
1,13.3483106106766,28,F
2,0.255308530357947,9,F
2,17.431037129165,17,F
0,8.93479050622786,15,F
2,6.85933039400156,4,B
1,2.76491131268114,7,D
0,8.78930748716884,13,D
0,9.92645542568758,4,A
3,8.07293388986956,25,F
1,13.5732018765379,27,F
0,8.41793057518452,23,F
2,19.2283515569315,7,B
3,11.9855503564718,24,F
1,16.1495587130382,25,F
2,2.18711806218958,5,C
0,7.94582585891811,15,F
2,6.73695402894305,27,F
2,11.3896477627318,3,B
2,17.2222704012285,11,C
1,1.56676435524013,10,D
1,1.45149596089422,2,C
1,17.006354163152,11,C
1,4.25700172076715,29,F
0,13.3750650889963,4,C
2,10.8575626472161,5,C
4,16.6578718977446,18,F
4,2.50177819672807,17,F
3,2.59565931445223,15,F
2,11.1363672055662,22,F
2,18.9275730671674,10,D
1,8.29995516741509,4,B
2,6.5388420050939,8,D
2,12.1337864639577,2,C
2,18.6089720109006,29,F
2,16.7385566568925,7,C
1,19.9096722146644,5,B
1,0.451371664047542,3,C
3,2.25716289425524,11,F
0,12.1893552673324,11,D
2,16.411528786677,24,F
3,5.70488684613533,20,F
2,4.78422176068438,15,F
2,15.739515987624,9,C
1,1.12763707706463,21,F
1,7.3876529516517,13,F
3,10.1161844518466,12,F
2,11.2069734870065,8,C
2,14.5723031358555,6,B
0,7.09691446861316,11,F
0,12.2536868934921,4,C
4,11.7075084558191,17,F
1,10.9523220130749,3,C
2,12.8096658628442,1,C
0,5.18898342136153,2,B
2,1.69297507169258,25,F
3,2.38543344079487,11,D
2,4.49164765307802,2,B
1,10.0039587104557,3,B
2,16.8088550109204,5,B
2,14.0258668417677,11,F
2,15.7808120840409,18,D
3,7.01951247852183,9,D
2,8.093074832971,29,F
3,7.87363771981226,0,A
2,3.83746368809003,16,F
1,1.22433316287144,15,F
1,11.8183218565445,8,D
1,19.7843336684117,24,F
3,3.33659409900526,20,F
2,0.933696397985475,8,D
2,15.5906336364787,26,F
1,5.05172013369448,22,F
1,16.5928761070586,8,D
2,14.0787333406903,11,D
2,18.9134707410161,22,F
1,8.17854471513344,8,D
2,13.2393967890127,14,C
0,9.29709561626541,1,C
1,12.6117739461709,10,D
2,8.99197812015475,10,C
1,3.7726449284815,7,C
4,10.1579483200676,22,F
1,10.5716840287488,5,C
1,16.2120769652032,20,F
1,14.7104141158716,19,F
2,13.2758324788289,6,C
2,2.26774191105145,2,C
2,14.4123258132743,7,C
0,10.0061031270903,17,F
0,17.8819907221232,16,F
2,18.3974186826109,10,D
3,1.10313181203571,1,C
3,16.4128312070896,24,F
0,0.753947808453412,20,F
2,7.34339251390045,26,F
3,10.8459995124216,23,F
1,2.96201597254255,18,F
3,14.9262762513815,6,C
1,0.167094083442771,17,F
3,3.37198096868074,7,B
2,11.6159365970695,13,D
3,14.2877512407458,6,B
2,18.3328620538783,27,F
1,14.1099330386925,20,F
3,13.4355854050973,27,F
1,7.88682292701329,26,F
1,0.0256885105360283,3,C
2,2.40318517471244,16,D
2,10.6910908951208,4,B
3,13.5025977168884,11,D
1,8.34896567792925,8,D
2,14.6135802305678,25,F
2,10.4372459066436,19,F
0,1.48352391188624,12,F
1,3.84032501935898,24,F
1,16.7999644648789,27,F
1,14.4982549324888,17,F
4,17.8952397402499,19,F
2,2.35114498241873,8,D
2,19.8044506923015,3,B
4,4.18813427899867,20,F
1,0.23559752573284,26,F
3,19.9484587810711,7,B
2,5.62147770890226,0,A
3,13.3603890502512,16,F
1,3.5336462835261,24,F
3,11.6045706439828,8,C
1,18.0806997290912,19,F
1,6.40362334856877,12,D
2,13.4050795208872,1,B
1,3.75807177596833,12,D
2,12.4959079743745,8,D
2,6.7290070363502,29,F
2,4.22416517175903,19,F
1,6.2636410140727,5,C
0,3.57682137015599,27,F
1,18.0383221567577,0,B
2,7.94373772634258,27,F
1,4.90558609948735,24,F
1,8.96815682031866,4,C
1,6.41072333612991,2,B
0,14.8883850762665,3,C
2,19.4243982377099,0,A
3,8.76067313395294,13,D
1,17.2206679994448,8,B
2,11.3172614711924,29,F
2,3.14471330188467,23,F
2,13.8124548416268,3,B
2,10.2686899425164,17,D
2,13.0121304650421,13,F
2,17.7937482514333,24,F
0,8.80869141312092,3,C
2,18.0235524643471,24,F
2,15.0133802856331,9,C
0,9.77209851755969,2,A
1,12.0644427131593,22,F
4,6.51162265038023,6,B
2,19.6719459947755,9,C
2,13.3470232610079,12,F
3,0.876937049932598,3,B
2,6.53243811496018,17,F
2,12.4662886751812,10,D
2,1.1266655559848,24,F
3,0.477683826382855,3,C
2,9.00048479055605,23,F
2,6.6538035938534,13,D
1,8.76597216066332,17,F
4,5.2538661976001,7,D
2,3.29435493885962,26,F
0,13.7828671396068,9,C
3,10.291422325356,4,B
2,4.00308422498734,22,F
0,6.39178852519997,6,B
2,11.8361581532665,11,C
2,1.44458696544956,24,F
3,2.94906018532359,2,B
1,1.4649120821478,25,F
3,16.2463466542824,3,C
2,15.0481846642402,9,C
0,15.0662586375851,3,C
4,14.3265068695206,14,C
2,13.3877084733974,28,F
1,9.5398383075635,9,C
2,12.8455632701423,20,F
3,0.767231095759493,29,F
1,12.4292884531357,21,F
1,15.5575541107375,15,D
1,10.0071672076878,14,F
1,7.15026656854474,18,F
2,5.54853469601958,28,F
2,12.8560410032417,19,F
1,13.8560239725982,18,D
1,17.4193519972509,17,D
1,6.84668164921981,25,F
3,15.3954461477117,11,D
1,11.2271164837868,24,F
4,17.6567298135616,15,D
2,10.5562421659124,0,C
1,10.3525965679593,15,D
3,11.5575416288182,1,B
2,14.9863071028487,23,F
2,19.2938095765692,14,D
4,1.47126708431531,6,C
0,1.06869204782034,27,F
0,18.7510067481468,0,A
2,10.5975125103641,4,B
1,12.2980602913387,9,C
1,9.64847203189458,21,F
0,1.87314905214949,20,F
0,15.3617875683733,3,A
2,14.9444929017717,13,F
1,6.23406642985624,12,F
2,6.12478490456801,0,B
2,16.7568276181104,15,D
2,1.44714515482653,22,F
0,17.6221029671313,8,C
2,5.13323379791829,21,F
0,11.8596949551099,15,C
2,18.7198835800356,18,F
3,13.5624500307329,14,D
2,8.28859624934073,25,F
2,13.7906841781083,13,D
2,6.8795927263274,19,F
1,5.54516832698372,9,C
3,19.9336655586936,20,F
3,15.0158046235958,11,D
1,12.8943995476364,27,F
2,7.10579286438638,0,A
3,0.983216583100963,20,F
4,0.621137520703112,16,F
2,11.083625108976,8,D
2,15.240654420781,22,F
1,10.7475838088771,18,F
4,16.8157014387823,24,F
1,0.668530661864433,17,F
2,7.3350415285188,27,F
1,4.74140782348356,6,D
1,8.94545936314244,8,D
2,1.44752786388245,21,F
4,19.0826328314215,25,F
0,4.46510802138722,20,F
2,18.4461555096717,11,D
0,8.51786310073364,6,B
1,19.7104826651044,13,D
2,11.0811676692042,14,F
2,18.6166572835161,14,D
1,0.106979773884457,5,D
1,14.964776123618,20,F
0,18.0610130620503,13,D
1,2.79441133957908,1,B
4,1.92251703464303,7,D
3,8.49145214371911,12,D
1,18.6735781226587,22,F
2,10.8477312038088,5,C
3,10.5491292744346,4,B
0,2.82252236598644,4,C
3,0.0157902218643757,24,F
3,16.2028018149092,0,A
0,1.75149125972476,8,C
1,12.6769963747065,5,B
4,18.2923290903038,19,F
2,4.17303826316862,25,F
0,13.3054567247382,29,F
1,1.57397153415019,6,D
2,12.0751028767523,8,C
2,3.27863441906406,4,B
2,14.7190712103036,13,C
4,6.02462589587816,4,D
1,9.26782017609293,7,B
2,11.9886108405524,6,D
2,3.42546821332479,12,C
2,14.8327563723524,12,D
1,6.05280681273629,7,C
4,13.2474371982551,10,D
3,3.16566101398747,27,F
2,13.762353184127,25,F
2,2.56376145620924,17,F
1,8.50712992539967,24,F
2,4.94412147477754,18,F
2,14.9675049885637,5,B
2,5.24070009013749,21,F
4,17.6343461279079,1,B
2,17.8364042281323,27,F
1,3.92882630445572,12,F
2,12.2769189001545,22,F
1,1.75435283439929,24,F
1,7.83074199203258,27,F
1,14.2664345900254,25,F
2,13.1884649369983,10,D
2,12.4940133881322,0,A
2,5.65081727324887,23,F
2,7.56049898868804,1,D
2,2.05892289400572,29,F
1,14.380456408672,16,F
3,10.0777759358255,7,C
1,14.1753126469131,1,B
1,4.97887049593746,5,C
2,6.48876457270132,21,F
1,6.68430674520229,4,D
0,0.514848194944324,15,F
2,6.82095745661247,7,D
2,16.0660914703607,18,F
2,17.9459699149948,15,D
4,10.3643663127185,12,F
2,9.11003390438441,25,F
3,0.616492373987405,19,F
1,17.5840867517077,6,C
2,0.260204268517454,15,D
3,18.8950016042042,22,F
2,9.78432497376181,15,F
2,6.83868987149453,28,F
1,18.4843686968532,11,C
0,0.487819862201935,13,F
2,11.6284978973817,23,F
1,10.9786504899868,17,D
3,4.38640802422764,26,F
1,8.57774862700421,27,F
4,13.0452801188754,17,F
4,14.5426239376386,15,D
1,0.0143371741315956,19,F
1,18.7370686018203,15,D
3,3.29050744785625,12,F
4,4.67160868444718,25,F
2,5.26946891387697,28,F
1,0.756402731040706,8,C
2,2.4610424718065,25,F
2,19.7269984588832,27,F
1,6.30433474754572,8,D
2,2.30602180678099,12,F
0,2.13982522349247,28,F
0,14.3891993533994,3,B
1,17.0913732806528,8,C
1,5.1390459901694,14,F
1,0.418190246704699,13,F
2,4.46180036890712,18,F
1,1.13031381593515,11,D
1,2.06789873260083,20,F
1,8.63016239695285,25,F
4,4.59836741723265,24,F
2,10.3189175705085,5,C
2,5.06987506514381,2,C
2,18.810746022059,25,F
4,18.1188793585253,24,F
1,11.3361221002093,21,F
2,7.08847983974772,19,F
2,7.62293764069471,15,D
2,8.23704566288994,29,F
0,14.5515864426989,19,F
2,9.03277991037676,23,F
0,17.134598930118,22,F
2,18.8818957186073,16,D
2,6.71892306757868,15,F
1,11.2138896275136,5,C
3,1.90113073665129,7,D
0,4.00938095532718,18,F
3,8.2693153342032,29,F
2,4.12405431803558,24,F
1,17.5312098157744,25,F
1,3.16572512118196,1,C
4,9.11321643106184,13,D
0,12.1139848091975,21,F
1,13.8372781632169,11,D
1,7.66138739453013,16,F
2,17.3819813744946,27,F
2,11.3663830215585,26,F
1,8.79015560895104,14,D
1,1.34481268104073,17,F
1,9.2937893689033,15,F
1,16.4147168163146,12,C
2,12.2908203644263,20,F
2,16.6432490745824,16,F
1,9.88023341198611,7,D
1,2.36923410188964,0,B
1,0.272796916717621,28,F
4,6.06439093437182,24,F
4,13.9598094299559,25,F
3,15.8051980788339,26,F
1,5.91505669240659,2,B
0,9.91307841766494,15,F
1,8.42237808868163,27,F
1,8.21045568702856,1,C
2,4.62697426400301,14,F
2,2.72742210058917,0,A
3,3.93377116462426,8,C
3,1.10664774326692,15,F
1,3.96261483647154,3,D
2,0.184017952507589,11,F
1,12.5451680127196,0,C
0,6.32750814775366,0,B
2,19.4628942285382,6,A
0,3.87434101552596,17,F
2,6.91657140619188,22,F
1,7.15682317283067,27,F
2,0.169029921249211,22,F
2,16.7841590607892,14,D
1,0.639889202886494,25,F
3,18.8035966945848,29,F
1,17.8414870218724,24,F
2,10.7104383217193,12,D
2,10.8719114982258,15,C
2,13.0755584591231,6,C
4,7.74100023869774,15,F
1,12.9444456679571,12,C
2,0.895367773769737,13,F
2,1.08095254699453,16,F
3,9.14460839239089,11,D
1,10.9924460221207,28,F
2,17.7563528067164,23,F
2,2.09321267815793,23,F
1,16.4529585438778,19,F
2,4.20094674584139,12,D
1,7.88167297020064,23,F
2,6.33204869654826,19,F
3,8.00310545730798,14,D
2,3.00990996145171,23,F
2,10.0714014880711,20,F
2,16.0328517966273,3,A
0,8.83068020757794,21,F
1,9.81227151796398,1,B
2,16.9753517056263,27,F
1,14.1211622927606,17,D
1,9.8090881703957,1,B
2,5.15391296378359,24,F
1,17.6985349368993,14,C
1,11.5404080338112,29,F
2,4.42295220221387,25,F
1,5.38239505276021,18,F
3,16.0626617787249,14,D
3,0.882911241749109,25,F
2,19.8418437405764,19,F
1,2.60703359429584,9,C
2,15.9213705079387,27,F
3,7.89550633543366,23,F
2,9.84432366574934,19,F
1,17.6130115492916,10,C
2,8.25822379178426,25,F
3,10.7498750734647,9,C
2,0.985993248183399,28,F
2,0.0469494773490631,22,F
2,4.89599746003452,4,D
2,13.6116618583753,8,C
0,2.42529786718273,19,F
2,2.27523917609099,18,F
0,8.21921216071807,12,F
2,12.9567407721645,17,D
1,14.2414398449586,16,F
2,3.5690134819675,26,F
1,1.59176294744085,5,C
2,18.8079406789109,9,C
2,5.21332765124203,1,C
1,17.0669299521745,23,F
1,17.2698290092564,5,D
1,15.4504518352509,27,F
3,3.3766721330514,27,F
2,16.436029185084,20,F
2,15.3850111848317,12,F
1,11.9344598021243,17,D
2,6.74404070337906,6,C
3,5.25017208533088,1,B
3,2.43778424160718,28,F
2,10.1951413380174,13,D
0,11.7052175101969,4,D
1,7.18677981031575,17,F
0,9.50718135361737,10,D
1,7.27028914738533,9,D
1,12.820121146414,10,D
1,18.0251841559313,26,F
1,3.2784052409389,1,C
3,7.62817619806247,14,F
2,2.81737207901723,6,C
3,12.4988754081566,8,C
2,14.5774101897719,4,D
1,18.6382546519491,6,C
2,5.5774385252193,19,F
1,19.0042241173086,1,B
2,1.2652534364135,2,B
1,12.0602772672918,1,B
4,1.1426543868666,20,F
1,17.8754837552389,21,F
1,10.5961811414011,22,F
3,13.3869670152559,18,D
0,16.6314785182091,3,B
2,3.00621244967938,23,F
2,0.771831238762677,19,F
3,17.577622918257,6,C
4,6.29866454917865,27,F
4,2.57957815854331,21,F
0,9.36922474174173,6,C
3,11.9661215139204,16,F
2,0.619412068450203,18,F
2,5.49791316514176,21,F
1,0.65599748553792,15,F
2,8.40670778390998,2,B
4,17.9020005813249,14,D
3,19.6530482298714,13,C
2,12.7409510700726,14,F
0,3.23275387569184,13,F
1,18.1169877999861,6,C
3,10.3249564640012,24,F
2,3.07498624205836,2,B
2,18.4345333890332,29,F
0,15.1493810144621,16,F
2,14.634105454463,9,C
2,14.1836140758881,14,D
3,4.00679642192885,28,F
2,4.22013383415052,5,D
1,13.7658599685451,27,F
2,4.39445500220794,16,F
0,8.77343393606098,16,F
4,15.6400365118788,13,F
1,15.6790503619568,23,F
2,9.06523545051719,24,F
1,15.8437987655049,17,F
2,16.7724359239611,24,F
2,13.0955150256852,4,D
2,4.5685170461684,28,F
1,5.48023560771095,7,D
1,6.29682310817471,6,B
1,2.33608215467904,22,F
2,5.4631924073989,3,A
0,4.19038448625064,17,F
2,9.10657499617204,4,B
3,18.1687509574453,15,D
3,2.08960633507916,13,F
2,14.4053584789479,26,F
2,13.7456600882626,26,F
0,1.91508397326715,18,F
2,18.451448098116,13,C
3,11.3694440431364,8,D
1,7.27451042271369,5,C
2,15.1307716699061,16,F
3,5.14730916803268,18,F
3,13.8701967409264,11,F
1,0.794224151444944,3,C
2,16.7881607521854,15,F
1,8.96341694042637,24,F
1,12.7338582871588,10,C
3,4.42475639613367,21,F
3,13.541474253169,3,B
2,15.4448055178655,16,F
0,9.46426373768798,7,D
3,12.3545384812359,13,F
2,9.12651847644797,26,F
1,17.8818273851569,1,B
2,9.95738361028638,10,F
0,16.8361741805764,10,D
2,16.027041165405,23,F
2,8.21009642696713,21,F
1,4.6016898371495,23,F
1,8.12164265119542,5,C
1,16.5243475155044,20,F
0,4.55265071638785,20,F
2,10.488726917155,13,D
3,16.121934959215,29,F
0,7.06954950256758,9,D
0,12.8441927400539,25,F
2,4.91263148097629,26,F
3,2.1855889073632,7,D
1,15.8876845018571,6,C
1,1.97937246817414,7,C
2,5.42762790159169,27,F
1,17.1021884399488,7,C
0,6.92938574157334,22,F
2,19.4609069902832,1,B
2,19.5946866954772,26,F
2,5.36552040907113,15,F
2,0.819564444997809,8,D
2,14.1012656841076,12,D
1,9.01973005296687,22,F
1,2.01505687919153,11,F
1,14.1504563795609,26,F
1,0.623498182238425,21,F
2,17.4039338098448,24,F
3,2.77305058226607,28,F
4,2.5462375749345,16,F
2,3.51344595937169,26,F
1,19.2053271698413,1,A
1,13.8633872050769,12,D
3,16.0274307092727,0,B
2,7.95269971465506,25,F
2,6.72625455009911,27,F
2,4.6896801356634,18,F
2,9.61296056624818,10,F
3,11.0365746706834,4,C
0,12.6354968730551,0,A
2,5.14237007997389,19,F
3,18.9730816180598,29,F
1,3.39516996414272,12,C
2,19.3130634953282,7,C
1,0.297122450150076,5,D
4,9.62251383633691,28,F
0,6.66735676233126,16,F
2,8.98246827860502,11,D
1,11.4132915796158,0,B
2,8.71178316025418,2,C
1,8.2969370060319,13,D
1,14.6544683082661,25,F
2,13.7175255017293,7,C
3,16.665425640717,10,C
1,4.99917962478991,26,F
1,12.1905701950813,13,D
2,11.7038957078571,7,C
2,7.39475621745378,28,F
3,9.72115083805362,2,B
1,6.27564286611458,6,C
2,2.8368879523397,27,F
1,4.27602421325466,18,F
1,2.11027292802402,3,D
2,13.6613915038025,24,F
2,13.214547862183,15,D
2,19.0121274315975,12,D
1,14.5935682729448,19,F
2,1.04091677512263,18,F
2,17.6849034785791,4,B
4,17.2535032589145,22,F
1,8.86640641545397,4,B
1,11.7172610105584,19,F
1,19.5215666494504,23,F
2,10.6460872769633,3,B
1,18.1064365675218,1,A
3,1.66077515620373,25,F
1,3.82103737417366,12,D
3,8.81509886882636,29,F
1,11.6951361667461,15,D
2,16.324557037256,21,F
3,19.7652423028637,1,A
1,7.77702992948233,18,F
4,0.948312722801699,16,F
2,16.0234300659065,4,B
3,12.0876143816562,24,F
2,3.97085717736403,17,F
1,9.8965691324284,27,F
1,14.8462049106745,22,F
1,15.4082357413729,20,D
0,9.99236823997524,17,D
1,6.10429060257718,7,D
1,19.4748516407699,26,F
2,13.2672522191299,14,C
2,8.16475038692597,12,F
1,5.60926448409305,12,D
1,14.6220596600712,15,F
2,4.84366891187535,21,F
1,3.43419977947376,19,F
0,10.5966777792414,12,F
1,5.79974785288284,19,F
3,12.5781028984723,1,B
3,2.35877349748467,2,C
1,13.0988220913464,14,C
2,5.66593055995404,22,F
2,0.00485868869025463,18,F
2,2.53872115348353,12,F
2,18.6723075567019,4,A
2,17.3470927823072,25,F
1,4.67218064072474,21,F
0,15.5674380909098,5,B
2,12.1714318634795,13,F
3,19.4180942289974,3,B
2,7.47211319068118,21,F
3,13.6292122503434,18,F
4,1.27071444847837,22,F
1,7.92494693632812,6,D
2,19.2763532237636,3,A
2,10.7796174890024,1,B
4,5.75759006669689,26,F
4,2.40541926257214,6,C
2,14.0705668036306,2,B
1,12.8971208685945,14,D
2,7.47877427207549,0,B
1,19.0188270373167,1,C
2,0.444056259757006,9,D
3,6.07447703263652,15,D
1,18.4213897259916,24,F
2,6.41870876638881,27,F
2,5.04505667710341,14,F
2,10.6844081986249,23,F
1,16.4760349984108,14,F
2,2.06293521756722,13,D
3,18.8604141929147,21,F
3,15.9014576236233,13,F
1,3.62500511103104,5,C
3,14.2401592239633,13,D
2,7.69917445275114,16,F
1,8.04589356152637,17,F
0,15.6658018487773,19,F
1,19.2556961596146,18,F
3,2.53311745694388,29,F
2,8.41260473757639,16,F
2,9.61883216168607,15,D
1,7.52623633909995,7,B
2,7.2637824743245,6,D
0,1.04537335123193,19,F
1,13.7107724112525,27,F
2,8.72428834240091,11,D
1,3.89587605287854,8,D
3,16.3206700460414,26,F
1,16.0512149630326,13,F
2,9.72783256177788,19,F
2,5.96901322295521,0,A
2,12.761854515929,9,C
1,5.76304271554806,16,F
0,4.72015860647424,16,F
3,14.6102930805265,16,F
1,0.806504794419014,3,B
3,1.89536942069188,16,F
4,0.135763480471796,17,F
1,3.05886372950852,19,F
1,1.37980017420919,22,F
2,19.9160473555984,1,B
4,5.77619939908179,7,C
3,2.98536025338495,12,F
2,4.81992515991836,22,F
2,18.7225114308027,24,F
1,10.4032044604879,29,F
4,7.29636192615714,21,F
4,17.4678291581844,19,F
1,7.89980541098065,21,F
1,6.70017139915392,14,F
1,4.14565045099471,19,F
1,7.55593647818823,22,F
3,6.33368712033852,8,C
1,13.5460791859628,2,A
0,5.79165409341454,2,C
1,11.5439949284512,1,B
4,1.31784330063945,0,A
2,3.82578313393029,13,F
2,8.14810543222698,16,F
1,18.7389850781739,12,D
4,7.54503971431391,18,D
3,13.2814824239967,29,F
1,5.10174444842796,22,F
0,2.54067151946463,14,C
0,1.170732001601,26,F
1,6.10826997085503,24,F
2,3.15322053593816,13,D
3,3.48020896032248,1,B
2,15.215186167739,6,A
3,0.316761418897484,16,D
2,11.1562025147087,17,F
2,7.5892276118693,5,C
2,10.1309999981709,26,F
1,11.2566047442921,20,F
1,6.26735388914556,7,D
2,5.90217720368571,27,F
0,14.6680369866981,26,F
1,17.4255397624231,1,B
2,3.85163264917056,0,B
4,1.95237521070298,15,F
2,17.9559161278405,6,C
3,6.99790927294797,21,F
2,11.0263478132563,23,F
2,7.19086289040007,10,D
2,2.51604672692103,14,D
3,11.7866328989546,12,D
2,10.5028170353926,29,F
2,4.05987118382394,23,F
2,9.03738089304556,1,C
2,15.9389500803129,13,F
1,11.8085220621578,23,F
0,1.9383465413399,5,C
0,10.9604299445827,8,B
3,14.0547659857917,27,F
1,15.854068115615,6,B
1,12.5823515726853,17,F
2,3.05316329081567,23,F
1,14.2034653318032,8,D
2,13.5468369216303,22,F
1,0.488537658812664,3,B
4,8.23495335180486,8,D
3,6.65900493924747,3,C
3,13.3882412850729,11,D
2,4.32271624621841,3,B
2,11.8174384594852,24,F
1,18.2641192362835,29,F
0,15.9560474441722,23,F
0,18.4291547243306,19,F
2,19.5701193386538,13,D
2,0.213402540123255,23,F
2,12.4548255275496,23,F
0,8.25678795517813,6,B
2,17.1970898067024,25,F
2,5.03629404018263,12,D
2,19.6205897823015,21,F
2,12.2741593908749,7,D
1,15.8707480445766,22,F
3,1.71199105645537,4,C
2,3.6691576951773,11,F
1,15.1680734606841,12,D
1,0.439730440786472,28,F
2,16.3375597178757,19,F
3,0.278980373838229,13,F
2,13.1423767812255,27,F
1,7.30187840463612,17,F
3,12.229897054384,26,F
2,13.9206281397823,23,F
2,6.84950438372608,24,F
2,2.15924896221671,19,F
1,1.39291735496531,3,B
2,11.778720451251,20,F
1,10.4131070746822,17,F
4,14.8440201824227,6,B
2,10.1947102000787,14,D
2,8.44891580061758,20,F
2,7.96174356472462,5,B
3,0.528938051953349,15,F
3,6.71114403393314,19,F
2,19.5204031504899,23,D
2,17.4711115245418,7,B
2,6.58756134068435,27,F
2,11.7559081013274,20,F
1,16.9459349107099,15,D
2,8.82548673500137,27,F
1,0.359157275003019,21,F
3,1.4902092363728,15,F
1,10.2078544269741,2,A
4,19.3887875135176,16,D
2,13.8641908443774,8,B
2,1.41832382877139,24,F
2,3.78721751583726,2,C
1,15.426462864337,19,F
1,16.8287951991249,28,F
0,12.3538917237718,6,A
2,12.8884633925963,17,F
2,0.566749007667693,11,F
2,16.5706051916302,18,D
1,15.7655041634166,15,D
1,5.18070288206694,21,F
2,14.1735343993101,26,F
3,4.29709212849996,23,F
2,0.80660322103026,16,F
2,4.02273085180755,19,F
2,3.57257753508599,14,D
0,6.75495993469695,0,B
4,8.36898994350916,1,C
2,10.1707778299542,7,D
1,9.53507751016656,21,F
2,5.41349211930579,24,F
1,0.583413371481489,1,B
4,12.102032444743,18,D
1,7.91489659694709,8,D
2,5.97344314775099,8,D
1,17.3388208566102,12,C
2,14.9348661559632,5,B
2,17.1553109674488,29,F
2,9.89965589424922,14,D
2,2.61862504253555,18,F
3,13.9244287224254,20,F
0,4.12147559874351,14,F
1,8.82459338183434,17,F
1,1.30001577897777,6,D
4,16.5061680484597,25,F
1,2.51881282095001,10,D
2,18.0619501409862,7,C
2,17.2846120452311,5,B
1,9.29165528878492,7,C
1,14.8873640860798,1,B
1,12.3889014763631,18,F
2,16.0615128467549,15,D
1,8.63610201571824,6,C
0,15.716169684887,9,B
3,9.24913634130296,11,C
4,18.8193157568559,16,D
1,9.72744201650295,6,D
1,9.25238543867459,21,F
0,15.7014372312703,7,C
2,16.4315538352168,6,B
3,11.0897822864234,3,C
1,3.59595626990151,2,C
1,9.35516461915159,18,F
2,19.3614500581936,14,D
2,15.0597238607837,3,C
0,16.2232520775826,24,F
2,0.656509976384803,8,D
1,9.3571892526832,12,D
1,12.9324226731511,17,F
2,16.6006536725615,20,F
3,0.985473071655429,15,F
2,17.0487777128375,0,B
3,10.9680187348382,3,B
2,3.9462794115212,17,F
2,6.345104328994,7,C
2,5.63859103503122,19,F
3,10.6171806857695,15,F
3,1.03371359822264,20,F
0,3.17072316999847,10,D
3,16.2538608675156,19,D
3,2.65207981493622,20,F
2,4.66792538916254,20,F
1,9.06741211208315,20,F
3,10.3424177622666,26,F
3,15.2722095922832,18,F
1,8.94664853332376,22,F
4,15.7972924207108,18,F
0,12.3669261409091,17,D
1,2.26199478847645,18,F
2,3.12662876785677,10,D
2,8.74067450899542,2,C
2,7.93778786178079,7,C
0,14.8708853927459,19,F
4,11.614742795947,18,F
0,7.76266162004499,9,D
1,3.41520566900771,15,F
0,4.5367420465099,4,C
2,11.5100203693812,19,F
3,8.46877609799585,8,C
2,10.2985501772134,7,C
3,3.41354870604467,10,D
0,13.2581250468913,15,F
2,17.0507748171193,6,C
2,5.15879013573801,14,F
2,9.83028451663653,23,F
0,19.510546580418,28,F
2,6.66483481101455,20,F
2,11.9009268984752,19,F
2,1.80391400400489,22,F
2,12.1203000495889,16,D
1,1.79263546609236,5,D
2,19.1847087064764,14,D
1,14.3132530414462,7,C
3,15.7631957627141,6,B
2,14.0820872154327,1,A
1,11.7945807215293,29,F
4,8.99825562171011,12,C
2,17.1674675952212,29,F
0,19.1367133508613,22,F
2,9.98072345808163,28,F
1,18.6307009831052,5,B
3,11.6666581997704,28,F
3,10.7676837379287,4,A
4,9.08965465910713,19,F
2,4.1857552306024,0,B
2,0.0743932163611838,28,F
2,4.83012453712123,17,F
1,10.1944634320713,14,F
2,7.59919904519505,22,F
2,8.96970456005268,9,C
0,19.612964391281,2,A
2,7.00544741338655,4,C
3,9.04365878720216,23,F
3,2.67031102705639,28,F
0,0.959154648739753,12,D
0,15.5081902918499,7,B
1,11.4136635014396,21,F
3,15.2140961208779,20,F
1,2.99725597773103,28,F
2,11.4365754236538,1,B
1,5.07284948682751,8,F
2,4.5612363380004,16,F
1,0.230520281059705,26,F
2,2.60681447138144,17,F
1,6.18536222999391,12,F
2,2.33757521181878,0,B
1,19.7171688082188,11,D
2,6.17265297047901,19,F
3,2.60647893404656,19,F
1,3.98164625655916,20,F
3,11.7540645668295,4,B
2,1.28087047729577,7,F
1,17.2486826028231,26,F
2,19.2299935847429,14,D
1,4.93494841334762,26,F
2,9.00190537181719,2,A
2,0.442689020589941,5,D
1,12.8142044945444,27,F
2,8.27852116105178,12,C
3,5.40116932203111,11,D
3,4.13674221233217,18,F
2,13.0804615531752,28,F
4,8.32434062064629,17,F
2,3.59318578059824,23,F
1,13.7821816297365,0,A
3,11.3014456607339,24,F
2,17.1734410985899,26,F
2,2.34951797752986,6,C
2,15.7133320388891,11,D
3,13.4703357363452,9,C
3,2.30021873656196,28,F
2,13.8964145974344,11,D
1,8.83094577759661,10,C
2,18.8996957111169,3,A
2,2.83222701235799,18,F
1,12.8566678163148,5,B
2,7.63960090925892,24,F
2,19.1362934118176,8,C
1,6.59949790580553,19,F
1,19.243718189836,9,C
1,18.029717022015,4,B
3,5.40766470621313,26,F
1,16.0708355365286,12,C
1,19.9120840360701,8,B
2,5.05326004342565,1,B
1,8.73554338646639,17,F
0,10.4036147313352,20,F
1,5.89862271607729,0,A
2,0.305296792920595,23,F
2,4.40258488395053,20,F
1,5.63873768683517,11,D
2,8.87199402636374,9,D
4,3.42204956826804,1,B
1,17.4650871338335,27,F
1,14.0982226546267,8,C
1,1.70400955119324,1,C
2,13.0018490227986,22,F
2,13.0731295281124,23,F
1,19.1244234728726,29,F
2,0.060417427123225,21,F
0,4.95864899611614,13,F
2,18.5558295875063,10,C
2,18.6426783079657,22,F
1,14.4117283874127,10,C
2,15.3152664209508,16,F
1,1.82965915859294,3,C
2,10.2775166955647,12,D
0,4.63165982577999,6,C
3,3.62436087227235,15,D
1,16.2060659824667,0,B
3,2.70076273361095,12,F
1,9.37303273992771,0,B
2,18.7715647917207,10,C
1,3.71664111130685,5,D
3,19.5598684747647,19,F
1,19.8857597152212,2,A
1,11.1123430936481,11,D
2,3.40285480354316,4,C
0,6.32209775881791,8,D
1,8.4898566535307,25,F
3,6.18648448716446,25,F
4,5.61271159753032,11,D
1,19.4445941843272,29,F
3,3.06729654831491,29,F
2,14.6665581743372,27,F
1,0.00820578878349743,26,F
2,11.9236533880475,9,C
2,18.3188600790811,18,F
4,5.75868188186438,4,B
1,3.71051950515438,25,F
2,13.0335958975685,4,B
0,14.2520281459679,8,C
1,13.7606103790396,26,F
0,6.38633760042748,27,F
4,5.04404804318662,25,F
3,19.1183759992409,26,F
2,18.4659901653986,19,F
2,9.14633219785641,16,F
1,16.9238773230875,9,C
1,9.04646955268592,20,F
1,8.48778036145021,0,B
1,3.13525895198589,21,F
2,8.52812112983946,27,F
2,10.7483387719961,15,F
0,0.450086548573729,25,F
0,8.88226010350813,25,F
1,15.627124367904,14,F
2,13.6009211274854,22,F
3,12.7031397772787,16,F
2,18.1911085687441,25,F
3,0.3606401965046,19,F
2,11.1409517238447,24,F
1,15.7469769681941,12,B
1,10.8267076540253,0,A
3,6.47791105160758,24,F
2,2.72501130183956,7,C
1,17.7512614363238,4,B
2,9.41524784775206,5,B
2,17.562303939714,22,F
2,11.7170424486634,19,F
3,13.4838423323,29,F
2,16.085223087569,13,C
2,13.1831108920027,21,F
0,7.96109681357875,22,F
0,10.272667678573,10,C
1,16.0609104935176,5,C
0,7.47300592745968,10,D
2,7.76242913536994,12,F
2,1.91380232116002,11,D
1,18.291688704435,21,F
3,1.82072629890883,1,A
1,12.9641835489711,20,F
1,8.26388957605595,2,C
1,8.11238780510885,22,F
1,13.5910367314537,3,B
1,1.34187465259757,16,F
2,11.8741156590287,27,F
2,15.4406357194471,27,F
4,16.5642551577319,21,F
0,3.41060778787551,5,C
1,17.9483810015635,6,C
0,13.1229218369488,14,D
2,17.6370960164137,10,C
0,9.70561434220397,23,F
3,10.840666901944,2,C
2,18.3807655405734,29,F
2,17.9981908670934,5,B
2,8.96321746738004,25,F
1,5.48825263271364,1,C
1,7.86340869128528,28,F
1,7.755286570595,13,F
2,5.73733749965588,8,C
1,5.37159208665933,17,F
1,17.2212587295944,18,F
4,1.39723841369323,11,D
0,13.5522236419919,12,C
3,3.45640102912905,25,F
2,6.89011786788127,11,F
1,1.23086068269674,11,D
1,5.39947273710924,17,F
1,15.3684214223448,8,C
2,17.7003064909452,16,D
2,4.43054303804734,20,F
2,9.27095678517844,15,F
3,9.40648095874413,16,F
2,17.4715061151947,20,D
1,15.2559810575161,23,F
1,10.261544367361,7,D
3,13.4149440094355,10,C
1,16.9471010781873,23,F
0,0.190779080510899,1,B
2,8.05780062100097,7,C
2,18.1448633455416,11,D
3,14.806260616879,20,F
2,10.8568274866815,0,A
0,10.5928905407027,22,F
3,6.95540195208876,12,C
1,10.4104106728303,21,F
1,13.1076639892691,20,F
2,8.36726076857586,16,F
0,14.2830629278435,13,F
2,17.2246445452077,13,C
1,3.09369696369722,15,F
2,9.03094045634849,16,F
1,8.16040182570162,5,C
2,13.7492960809946,25,F
3,4.99734930515859,27,F
1,12.8050182990455,6,C
1,17.5497848346298,25,F
1,8.36263199587245,25,F
1,18.2203139995844,0,A
2,19.8632747786696,24,F
2,2.12184099895904,14,F
1,4.66106375969717,19,F
1,19.0075950296419,20,F
1,19.1665537296277,17,F
2,1.95414550773517,29,F
1,0.299970007542734,27,F
4,3.22200046512845,25,F
2,19.920255667645,12,C
1,3.59999233221374,23,F
2,10.0509521344405,29,F
3,16.9683545286102,1,B
2,0.408032213764127,18,F
1,12.0897796451692,14,D
1,5.54050897739249,11,F
3,17.2466983287946,14,F
2,5.66922298528158,24,F
2,13.7351144056382,17,F
3,13.4843926489479,13,D
3,4.4298709771928,5,B
3,0.695983997367002,11,F
0,8.18499147570795,19,F
2,5.78386303931739,22,F
2,16.1795549922742,29,F
2,16.0072837691069,29,F
2,9.14047904385251,5,C
1,12.1302445064644,25,F
2,12.0851903197385,29,F
2,16.5431629685525,8,C
0,8.50004828246395,29,F
2,5.50893359581018,24,F
1,5.30069836281095,25,F
1,10.7238455856441,3,B
0,8.98296405464425,16,F
2,8.80241541969872,1,B
2,1.82274678179414,15,F
2,14.3720748138039,23,D
2,4.27473375963821,13,F
3,3.93907260417443,25,F
1,8.25516640554787,7,D
1,4.55556683235603,13,D
3,11.6771653461603,1,B
1,7.42926678668943,15,D
4,8.9782344518558,3,C
3,10.7433864320806,0,B
2,4.0707104496361,22,F
4,3.1150324573106,19,F
0,17.6084380574721,26,F
1,8.67447405662842,13,D
2,8.24187219265078,7,C
1,0.71224300545683,24,F
3,9.95952605174787,27,F
0,11.08339443222,24,F
2,11.1768174190933,2,B
2,14.1406233864577,4,C
2,3.54963669982024,5,C
1,5.04446268461238,21,F
1,16.2146093046083,25,F
3,18.9434123368679,7,B
1,2.71865494734641,5,D
3,9.95299109010436,5,C
2,4.28352505479174,3,B
2,1.20146336709965,6,D
2,6.51006676252271,29,F
1,2.87375250368426,29,F
2,14.1986614686849,23,F
3,10.6745082734289,18,F
2,2.87668941980622,6,D
4,0.184831768110287,2,C
2,16.1631409804843,7,B
1,3.52388812328495,0,C
1,12.1243328444153,0,A
4,6.73843826153491,13,D
1,11.7097187663007,5,C
3,6.31307253964648,9,D
3,1.73879121384508,24,F
1,4.45900017115507,27,F
0,3.76117132958151,13,F
2,8.56038704879288,3,C
1,13.1656756685231,5,B
2,5.27612149892715,15,D
2,0.241398706012359,27,F
2,10.3787472852951,20,F
2,12.1151897871794,27,F
1,19.2574098800362,0,A
2,11.7894160618649,5,B
1,9.42345118756284,8,C
1,11.4680325179541,14,D
2,18.5580125972405,11,D
3,16.5675629120329,2,B
1,6.45957466727616,10,D
2,4.74508727314275,14,D
2,5.25267224732147,2,C
1,10.0884207943043,13,F
1,14.8809890245716,1,B
3,10.0643841436592,28,F
2,1.35592791656225,3,C
2,14.4716140087996,25,F
2,16.1194025734191,18,F
0,5.78995730239439,11,F
2,13.282514785667,1,B
2,8.53183802108787,16,F
2,17.7823871145489,2,B
1,16.9045111632148,9,C
0,10.5086399661928,15,D
1,13.8301109162719,21,F
4,17.6669940204421,8,C
2,9.91434020156551,10,D
2,6.26501480977644,20,F
0,15.0733227581916,14,C
0,4.40132509569384,2,B
2,7.77062296012084,15,D
2,17.3145447421359,29,F
2,14.4884468053863,20,F
1,8.07622010494999,20,F
2,4.29489004816715,20,F
1,7.11936781664473,27,F
1,5.68208298454866,11,D
2,3.52178575887708,22,F
1,14.8666582713131,4,C
1,5.04139773700343,6,C
2,9.08334940335528,8,B
2,7.71718893672218,20,F
3,19.6415475727126,17,D
2,7.82184488296441,20,F
0,1.5996496559351,7,D
1,1.79651505144168,11,F
4,11.8150744270613,19,F
2,11.9872710347653,1,C
2,8.3751798096531,9,C
0,8.63687384624059,18,F
2,1.07865165681742,8,F
0,10.3309302077852,24,F
2,10.094789507607,23,F
3,2.99098637113889,7,D
4,2.07678772221855,23,F
2,2.47144981198981,23,F
2,2.02056492982517,23,F
3,12.1941639107352,0,C
2,3.92965304805837,5,D
0,5.02860304374927,11,D
2,3.47144288302879,24,F
1,19.1567060889701,23,F
2,17.0923492630367,18,F
2,4.60989674703042,26,F
2,6.55132587844252,16,F
1,4.19785684609994,1,C
1,9.83751918921648,10,D
2,0.392210649485072,17,F
3,13.4273601779359,22,F
2,10.4631629963528,27,F
1,17.9727785660221,21,F
3,3.28785368656828,10,D
3,16.0821849212226,17,F
1,15.8392202893343,7,B
0,2.54362378433774,14,D
2,7.97118448288255,8,D
3,3.40305282289034,14,F
4,5.09441000915098,6,C
3,5.26492349661089,19,F
2,11.1247278805155,12,D
2,8.22821863520931,12,D
0,18.9546560801261,0,B
1,2.5274028389401,19,F
2,19.473842697004,3,B
2,4.61277280428528,23,F
2,15.4574787276371,3,B
2,6.77939852345643,3,A
1,2.86162790834628,12,D
2,17.1577837049248,1,B
0,6.17721798472926,27,F
2,13.1771080845368,25,F
2,11.3288737017325,22,F
2,9.43512618781749,14,D
4,9.91638945297078,3,B
1,14.6447582818458,26,F
2,1.75545828246881,5,C
1,13.3636132391581,2,B
2,17.9162420279716,6,B
3,1.15576394039728,5,F
2,2.81306678467334,2,B
3,14.3326387340406,3,B
1,8.74563296489235,9,D
3,8.07097241627377,29,F
0,2.73933269088472,20,F
3,10.1354008143558,8,D
1,2.53090622392755,29,F
1,9.53240912621081,5,C
2,15.2723059792331,28,F
3,5.16528715774327,19,F
0,9.61572336359455,26,F
1,19.8403193879367,10,B
3,13.7330084670807,6,C
1,16.827135426104,17,D
1,8.29695213121092,3,C
2,15.3572184625171,4,C
1,0.810183458826437,3,B
3,2.4582236508449,3,C
2,4.06141185840124,26,F
2,8.03903849230439,12,D
4,16.9148975665153,15,F
2,6.92532101575861,24,F
0,13.0924238703093,13,F
1,14.1862858960697,10,B
2,11.7236470817668,28,F
1,7.14483936340272,1,C
3,11.5410668342709,21,F
2,6.84531185579492,13,F
1,1.67747477104024,23,F
2,19.8560795637203,23,F
2,2.54364907265022,26,F
3,1.44696767672115,6,C
3,17.5706149841431,25,F
2,6.0366932178579,10,D
2,13.0059394814702,3,C
2,6.58011459324466,6,D
2,7.82908541588942,28,F
1,5.24225944033593,15,F
1,6.8608801158602,25,F
2,8.21400801173086,5,D
1,14.4083213818469,26,F
0,10.2307238846958,5,B
2,18.8713043431395,1,A
0,0.83760787677551,23,F
2,10.0613664526406,7,C
2,11.6844957766344,29,F
4,18.4039397214855,26,F
2,0.983170472428552,6,C
0,11.4699916987043,26,F
2,17.0725985705591,24,F
3,4.83855456238473,23,F
4,17.5258469704788,13,D
2,0.380868185485836,8,F
1,14.6490925826746,14,D
3,18.6622644233731,24,F
1,13.1439532328012,21,F
2,8.78058487960896,17,F
2,0.897620329454361,11,F
0,18.4022762664526,22,F
1,9.4059244538315,18,F
1,0.57993488671896,12,F
2,13.7964214265752,6,C
3,9.63674507152516,24,F
1,2.48690634884821,9,C
3,4.28543618620519,29,F
0,1.28981360911693,9,D
2,11.4858707941715,1,B
0,12.4405895850402,13,F
3,10.1148459671089,12,D
2,16.3420426600523,21,F
2,17.2201764261603,28,F
3,12.3124879336625,5,C
2,0.255129594148611,8,C
4,13.9045931149547,12,F
2,8.35998433840703,8,C
3,11.3111496645277,12,F
2,12.9816120403777,4,B
1,7.00473228654154,13,D
2,18.3419701034359,4,B
1,2.67949733499562,8,F
2,13.4302361456207,7,C
2,0.0871915991316086,6,D
2,18.4930221081036,7,C
0,2.25008266476183,21,F
1,1.89768460295149,2,C
2,6.66015266104489,22,F
4,7.47132572078161,23,F
1,4.28600144645757,14,D
2,11.7024332185425,7,C
2,8.85828196083927,0,A
2,0.683511780821748,6,C
1,6.39304124510601,18,F
2,16.2086582714634,1,A
1,13.7940306972374,13,F
4,14.4974170715976,17,F
1,13.9623384816705,29,F
1,6.21946042766067,14,F
0,1.99327844153552,13,F
1,5.44934368066192,23,F
2,16.6357060037032,24,F
1,19.6094159556614,18,F
0,9.87694029483123,29,F
2,0.194007098460844,18,F
0,2.80089624268458,21,F
0,6.44161150632532,26,F
3,11.571706971859,25,F
2,1.50187291610628,16,F
3,18.8671459741976,21,F
3,7.30167346568801,27,F
2,18.2516843584965,18,F
0,15.6104360551404,26,F
2,15.1087454503116,15,F
3,12.1343915956446,19,F
2,12.5356763410369,24,F
2,12.760064704325,18,F
1,12.5744277405116,0,A
3,11.0745646279672,18,F
2,19.7282803696578,6,B
4,14.6458113485139,28,F
1,15.5389277678504,22,F
1,17.4492563016735,10,D
1,4.31279525451698,4,B
2,1.67608318190122,29,F
1,9.65788873197197,16,F
0,10.2816139123855,10,C
4,16.5836355989984,23,F
0,8.87567158564671,25,F
3,11.4170605108863,7,D
1,10.5414187702692,9,C
3,0.764055675147821,11,F
2,12.3042979319383,9,C
3,16.560865715485,12,D
3,3.15001096151608,25,F
0,11.8866346785319,17,F
0,11.8722108889283,9,C
1,3.28369928112718,18,F
2,2.46927147461472,19,F
3,19.6010388595297,16,F
2,7.87438339306075,19,F
2,4.54843457447059,15,F
1,3.4264908890875,4,C
3,13.3520342716647,2,B
4,12.1889059465456,29,F
1,12.8710424597483,26,F
2,1.76012055022905,14,F
0,17.8706916699687,25,F
2,7.78532793618097,1,B
2,6.26738812860716,12,D
1,9.24722894495478,21,F
2,7.80132131495257,7,D
1,17.2715400627829,22,F
2,18.5852195039578,26,F
2,6.06906432899212,29,F
0,17.2787161491991,16,F
2,15.6304625906613,3,C
2,18.6161534468952,18,F
1,4.91500624371776,21,F
0,11.5391830024196,24,F
2,5.49089169480889,8,D
4,16.4818898096875,22,F
1,0.106483811421285,14,F
1,11.2963832577279,27,F
1,6.78406862543836,8,C
2,6.45367414155641,23,F
1,12.8981264772983,20,F
1,17.0296889862799,8,C
2,12.1839078278665,13,C
2,17.0634595729345,22,F
1,5.2919422376206,20,F
2,10.3900370952996,15,D
2,9.01073078134152,23,F
0,0.232897990061924,22,F
0,11.1362428628148,24,F
3,13.2304864829235,25,F
0,11.8382880883814,16,F
2,14.7255979756684,12,D
3,11.4267905690615,8,C
1,1.33500509701514,14,F
1,2.32891048169423,6,D
2,11.929491550879,0,C
3,5.4995838394728,0,B
3,1.59290258069532,4,D
2,8.59205486897094,23,F
0,11.0864519616731,8,C
2,6.57491976699213,11,F
2,14.4086740445156,5,B
2,12.8754121620249,27,F
0,6.65636722183344,12,D
1,15.0974505781712,25,F
2,12.9739008506607,27,F
2,12.748907574358,7,B
1,11.0685540157414,14,F
1,0.227793361771056,5,C
3,13.9301436695378,26,F
2,7.52083582218313,5,C
1,18.8521942031731,3,C
1,16.3596954215441,10,C
1,11.7538893906262,20,F
3,5.04363963638539,29,F
2,4.07434786555333,17,F
2,6.80769675355098,2,C
2,9.53135887160037,2,C
1,5.92131020077894,29,F
3,10.2985899078497,11,D
2,3.30740851026372,26,F
1,19.55425625651,20,D
1,2.15849109929988,29,F
2,18.6388827930874,20,F
3,18.2715602280539,5,C
1,10.50720963639,20,F
3,14.4982054367217,27,F
2,8.72096595945176,5,B
1,12.6006915508488,7,D
0,6.81151874842237,14,F
1,6.02318039570891,17,F
2,11.5645957233903,19,F
1,9.96259348367961,28,F
1,11.5907273829996,15,F
2,5.73321162574046,5,D
2,7.33915663633991,27,F
1,1.67795921257819,20,F
2,1.04552744544411,16,F
2,5.06914259346033,8,D
2,1.48493718661092,18,F
3,2.07549417269481,17,F
1,16.2585681078787,24,F
3,0.777473940333786,22,F
2,13.1788558786949,4,B
2,5.45115497630801,27,F
2,17.4309136141625,5,D
2,9.69984569154999,11,C
1,6.11152918655652,10,F
2,10.3527787137887,15,D
2,7.63916038090538,19,F
2,11.2860212933966,16,F
1,2.29065736652696,19,F
3,19.939810056251,8,D
2,8.51111755393435,0,A
0,6.96461279414737,25,F
2,14.2041969663253,2,A
2,7.27798812990665,20,F
2,16.6654861005752,22,F
2,9.08541448720851,8,C
3,14.3911682653087,21,F
1,2.14906432883773,18,F
2,16.9223837111022,12,C
3,14.7143597355622,22,F
3,4.23433556923931,13,D
2,2.90572019491573,19,F
3,6.32584697451249,18,F
0,19.5214117206381,29,F
3,5.13663149134117,22,F
1,9.12254417893267,26,F
1,0.600404514346726,26,F
1,7.94455059132465,6,B
2,11.4264003086621,3,B
1,19.0624922501593,11,D
1,10.3347208988013,22,F
1,16.3821465235538,26,F
1,10.942552851378,13,F
2,0.815700268710362,1,C
2,6.30016550379548,0,B
1,11.5109901566221,27,F
2,19.0118793186225,17,D
3,17.1826071950247,19,F
2,4.56711228357695,7,C
1,4.40219660038327,2,B
2,4.02345934227802,25,F
1,18.4499779260501,5,D
1,17.0533230620344,21,F
1,15.497668645059,12,D
3,7.85470228448455,8,D
1,10.0876140859753,8,C
0,9.28663489590306,19,F
1,5.06796215118745,8,D
3,10.1005609229753,14,F
2,0.609930957055089,12,F
1,2.63620746994918,21,F
2,17.7317919233789,15,D
2,15.0335953406285,1,C
2,8.45736818118174,25,F
1,10.3430072456775,13,F
3,7.39997771919955,26,F
1,14.8155973432135,5,B
2,15.6837435846416,1,A
0,15.2657038040632,7,C
1,14.452234496689,3,A
1,4.09008677385592,20,F
2,6.75939958480958,23,F
0,9.3969086996735,13,D
2,6.61585982855311,10,C
1,15.0988040031666,23,F
2,6.58707048499909,27,F
3,2.76464173570674,13,F
2,7.98080904096608,11,D
2,19.5982886556476,15,D
2,4.51762825867152,5,C
1,12.2431731788646,19,F
3,8.65946099679413,0,C
1,1.42049135298653,11,D
2,9.75753211996119,6,B
2,14.0432865729662,7,C
1,10.2643995165564,8,B
1,17.4421212749316,1,A
2,5.77874033315165,16,F
3,1.7249834260793,19,F
3,18.7313122331601,12,D
2,7.56392699056438,4,F
2,11.5281110290727,9,D
3,15.8400625226039,11,C
0,6.48627327751161,16,D
1,14.3232907635522,20,F
2,2.70837699635656,5,D
3,5.82587494411011,2,C
3,2.8942127227304,27,F
2,16.2246111680272,14,D
0,4.45298470453571,6,C
2,14.3480711081042,29,F
1,18.8659679449131,5,C
1,10.5554441813775,3,B
2,10.8005838452138,18,F
0,9.22067136195624,4,C
3,6.51780286787286,2,B
2,9.51310061849834,25,F
2,12.0561506453352,24,F
0,19.7198314434132,8,C
1,18.7552911863645,5,B
0,17.2430591658624,12,D
4,17.7826107140972,26,F
3,9.35698366584086,21,F
2,13.1488865435493,27,F
1,17.9013344587243,29,F
3,7.85901529982706,19,F
1,19.2352495669094,3,C
1,8.31572124138366,1,B
2,12.0216533078643,25,F
3,14.1960942654474,3,C
0,19.0118402615188,7,C
1,4.89232548104532,12,F
3,14.9226195647728,9,D
1,10.4163117228816,17,F
1,5.37114281241282,8,D
2,15.5321367959278,29,F
3,11.0444456034769,0,C
2,13.2194764129935,12,F
4,6.45802137155802,17,F
2,9.6254790365521,14,F
0,12.3470850197613,1,C
4,8.09821628539688,10,F
2,3.96745079695403,28,F
1,19.2328098463061,13,C
2,10.2293508008523,21,F
1,14.678407405754,14,D
0,8.22094387112116,13,D
0,7.10263528051433,15,F
2,8.1432859693425,22,F
3,8.183932875713,28,F
2,10.8836023188391,14,F
4,10.8693973996273,18,F
1,9.94307631765743,26,F
1,2.69571569834876,8,C
1,9.92150957001062,4,D
1,3.38207800841303,4,D
1,2.5227157259153,10,D
2,18.6529143468234,27,F
3,12.0990002629541,19,F
4,13.1898011624917,24,F
1,8.03587340666728,23,F
3,18.1796178382973,27,F
1,12.7586097915933,3,B
1,15.3833973904718,19,F
3,7.37124938055428,17,F
2,19.2002376163825,24,F
1,16.4092258031663,2,B
2,17.0789692602909,3,A
1,3.44388534851509,13,D
2,5.41926415742439,6,C
2,5.71253199367154,25,F
4,5.41818446493742,7,C
0,17.1081632420858,23,F
1,0.637695904171842,15,F
2,1.52199977961549,19,F
2,5.47829741259807,14,D
1,3.99745949298887,6,F
2,4.63719227765697,25,F
3,15.958863785066,16,F
3,11.2625318778409,21,F
3,0.11541322585936,21,F
3,8.58645531408391,21,F
2,8.15769853700718,11,D
3,2.27890538889087,17,F
1,13.5228357720291,23,F
1,14.0419437675898,13,C
1,14.417864381042,14,C
2,14.5694189111718,14,D
1,0.00105653864593602,4,C
4,19.0784160769344,15,D
1,16.2841753410933,4,A
0,18.0796339317857,1,B
2,0.312865906148683,19,F
0,18.6771759157148,27,F
1,16.1957705737621,24,F
1,16.744382859174,8,D
2,1.86574769443937,21,F
2,14.775560578372,26,F
2,19.1983337928418,8,C
2,13.5709468283632,3,C
2,11.4112280924921,14,F
1,18.9125935549799,10,C
1,8.85874243468872,0,A
2,11.9858713262096,17,F
0,9.52676586988732,28,F
0,18.656924427206,0,A
2,1.52169453531015,7,F
2,10.022394016507,24,F
1,13.7390488277088,15,D
1,15.8381307684447,25,F
3,11.6603729488827,27,F
3,18.1783548824291,21,F
2,18.8398289376774,17,D
2,1.28638446387167,21,F
2,8.04741079082749,8,B
4,0.469180434423089,11,F
4,6.58833314748886,18,F
1,10.737364359412,24,F
3,18.215898610199,17,F
1,16.9310864493081,26,F
1,2.54999453343971,4,D
2,1.86060749481791,26,F
2,11.7853467751333,1,A
3,10.6423594491757,6,B
0,5.32755282860048,26,F
2,17.9890616910767,9,A
3,18.5473281892311,14,C
3,8.05222876680325,24,F
1,17.8060511422704,6,B
1,7.67897788525945,27,F
2,14.736336636594,4,B
1,9.51884435095448,14,D
4,2.45166313014366,19,F
3,18.5586840247404,27,F
1,9.08193186755073,19,F
1,14.6897408064481,14,D
0,7.34347628862584,9,D
3,0.377617571524693,23,F
1,2.01060717383672,25,F
2,9.92438958979849,28,F
2,13.7992871425272,25,F
2,6.69470653158558,13,F
0,13.909769183553,25,F
1,13.9727117886391,25,F
3,14.0787181465566,9,B
3,9.85043708041017,16,F
2,18.2977230024301,20,F
0,9.78393035961231,13,F
1,9.00530386993276,1,A
2,3.98761638021254,15,F
1,6.15310174712673,12,F
3,0.846689850366067,26,F
2,12.6707058723234,8,C
0,4.97071487854186,6,C
3,6.0831050897093,15,F
4,15.4162904332864,9,D
0,6.54442366322908,23,F
2,4.84391784026284,21,F
1,3.38115498267412,8,C
1,15.4971680436391,21,F
1,2.59412515980054,22,F
2,9.07507520500707,6,C
4,10.1386023215439,15,F
2,13.7477982537143,8,F
0,12.6656696466599,26,F
2,16.2144134589035,23,F
1,0.895028678524763,28,F
3,5.92881449558794,16,F
2,5.60268237550759,19,F
1,2.92033811184216,6,C
1,5.78356507712886,10,D
2,6.19530628285807,7,C
1,10.4376892385496,6,C
2,13.2740895785251,27,F
1,7.62201027223628,18,F
1,14.3894046262676,19,F
2,6.7233067715916,11,D
3,5.80567354629521,6,D
3,10.8237611171405,7,D
1,0.474327206115812,6,F
1,1.59578247268001,5,C
1,8.35939087173054,24,F
2,18.8582542278351,8,C
2,14.4302355968685,26,F
3,1.76253139001116,12,D
3,16.9263602556175,6,B
1,14.6460154121636,7,C
2,12.2189305140531,21,F
3,16.4058592121835,16,D
3,8.08219695485914,16,F
0,4.43002101707705,15,F
1,10.2404677821752,21,F
2,10.9768351118695,1,C
1,10.7665274401982,29,F
1,11.3014758296021,7,D
0,18.9740983647836,16,D
2,18.0449124619246,12,F
1,17.5143407311788,17,F
0,16.0283362181725,23,F
1,18.8685621453057,27,F
3,1.96989283358807,21,F
3,5.30246522891479,27,F
2,9.9011189130917,9,D
2,16.9306898624681,1,A
4,10.1033142304547,1,A
1,14.9606947868318,26,F
1,2.77919810497832,13,F
1,5.0482762595312,15,F
1,14.6355219007534,6,B
1,3.29468017775448,20,F
3,7.02711869309854,20,F
2,5.29732515627143,23,F
2,6.99723388444957,11,C
3,14.1664809815594,27,F
0,7.35694362285602,22,F
1,11.1052664521588,27,F
2,1.99863754108819,13,F
2,16.1003538646926,24,F
0,7.3977725129625,3,C
2,12.9706831806669,25,F
2,14.5077920332367,3,A
2,4.19321844223401,17,F
2,17.693499699067,2,B
1,12.3244850321391,0,B
0,8.57450283502963,16,F
2,3.64670367156439,6,B
1,18.8460187580241,29,F
3,15.1013640826325,15,C
2,4.16049125466498,29,F
1,6.75421549448449,4,C
2,16.1934851617615,18,F
2,13.9135532643068,6,C
1,15.3156858543145,13,C
3,8.82402204425865,1,B
3,14.3295252528433,2,A
2,7.72987445727827,16,F
0,4.22525833876393,15,F
2,12.6535406968272,7,B
2,19.5202785119759,17,F
1,6.21201942790659,14,F
1,9.21939184425079,6,B
3,13.4800274213971,26,F
0,10.8301256424498,8,D
2,16.868555914181,5,C
2,15.2348541293903,17,D
2,1.16594407724714,17,F
0,19.9684246784755,24,F
3,15.0480490743893,25,F
1,17.2780663258823,23,F
2,13.0239542419069,13,B
2,17.1257025609352,13,F
2,2.24765949857419,13,F
4,6.95475671118631,24,F
2,17.5284188720899,3,D
1,4.03310422533784,3,C
4,1.56484197160045,14,D
2,15.7623787989044,14,F
1,16.7097231128659,17,F
1,3.25304436379801,13,B
3,17.0869196556543,25,C
1,13.7353559119434,0,C
2,10.4016536643317,9,F
2,16.6050038556277,28,F
1,8.38498498637932,19,D
2,3.87987912446794,9,D
0,5.69705353221227,9,B
2,10.1032803658663,26,F
2,10.6266158534635,23,D
2,16.1116165288247,1,B
2,15.8270544730467,28,C
3,11.6273311440915,27,F
2,15.6157096673095,26,A
0,3.83546916587342,7,F
1,1.00129054186589,0,D
2,17.472676452694,0,F
3,1.51108987525539,3,A
3,4.93376859487995,6,F
3,13.9063789924877,8,D
1,8.18895875254618,15,C
2,17.5262793983102,4,D
2,5.95959589324539,1,B
1,0.237426933387186,27,D
0,6.01311281121488,22,B
3,11.5615009836966,10,F
1,7.51876750806587,17,B
1,10.6974551151751,24,F
0,17.5319623767004,24,B
3,18.2497010846074,18,D
2,5.31948129308224,12,A
2,9.24280946539802,23,F
3,10.982880304829,10,B
1,18.9822491377649,19,A
2,19.9723463832877,18,B
0,4.70814497683053,16,B
1,14.5395974269163,4,B
3,7.5606212446639,12,D
2,0.162163937724265,29,B
1,0.185050448718047,26,A
1,9.21132015124512,19,B
2,9.76669826008669,0,C
0,0.451393931468853,9,F
1,13.7385483354861,7,D
1,5.88006777189906,23,C
1,11.197862030719,28,C
3,6.01838146330838,7,A
1,3.34268629738614,18,A
1,8.14347477197751,5,D
2,4.64546729581002,11,D
3,10.6960195383834,27,F
1,3.9765706057296,6,B
0,10.1681195328925,15,D
1,3.14757029737735,8,D
2,13.4194941897157,20,B
2,15.0787536888285,24,F
3,2.20788468499868,21,A
4,9.35604824074678,9,F
2,1.41743401309747,9,B
2,11.96364891084,9,A
2,5.28808595859291,19,A
0,10.5524891367742,28,A
4,10.3492201876858,15,F
1,18.487086923876,0,B
1,10.9816644513745,16,F
2,11.6599695943663,29,F
1,8.03306251528761,25,C
2,18.9815920636563,20,D
2,15.5437181887922,28,F
2,5.70810580605683,13,C
3,16.8841917155246,18,B
1,8.6479272037018,20,C
2,16.5733428706719,20,F
2,16.45776136587,16,B
2,3.77740373525709,13,C
2,14.0228226276715,7,F
1,5.81285938613062,20,B
2,5.94985339985336,20,B
1,5.92696153761161,8,D
3,14.511364951199,7,F
1,4.59652083585072,12,D
2,0.0181167049218045,16,B
0,14.3047370696527,18,B
1,3.42369487670251,27,C
2,2.08964790615669,6,D
3,4.7503224118812,16,A
2,7.59801044645408,0,F
3,9.51812654946401,4,D
2,0.891400814252616,24,B
2,19.4114666525472,5,C
1,14.3212610683912,25,F
3,6.46388130648672,1,F
1,6.37394514570795,26,C
3,8.97085098736919,24,B
3,12.5248964552607,15,A
3,2.92746133177936,21,C
2,3.77859627529905,4,A
2,17.188691656671,4,D
2,5.12509847778145,11,F
1,7.60389995950355,2,B
2,17.4254370190023,29,A
0,13.2629565879965,15,B
2,6.83423758683377,5,D
1,13.6739909144924,14,A
1,0.393664307628274,14,B
1,14.7128532002273,28,B
2,9.74032081032479,15,D
2,16.2636429456892,19,C
0,19.0927530401294,12,D
2,18.5157709898914,11,A
1,18.1853008691068,9,A
2,10.2433991186777,13,F
2,7.20284228277876,1,B
2,9.30070649461346,28,A
2,13.7979200662672,2,C
1,17.6799555374237,8,C
2,4.13972606000239,10,D
2,18.3638631692341,10,A
2,16.3036046393978,24,A
2,19.5771203035647,21,F
0,17.6050354656337,9,F
2,5.59874659383813,25,F
2,2.11911822688095,13,A
1,2.24482143983177,8,D
0,5.82446637156552,19,D
0,12.2836744796908,26,D
3,16.0864065219435,20,D
2,17.9850061396313,9,C
1,12.4750676873847,21,A
1,0.112626254961075,28,B
2,3.72633553037067,8,A
3,1.99452407706736,28,D
0,7.2664895113802,4,C
1,10.0270198726749,7,C
3,0.867943571571217,10,A
0,6.96955951591311,0,B
1,3.58359349250645,20,D
4,12.9414033251775,9,C
2,9.2854473864868,0,D
1,9.90635293867818,25,D
0,8.55383576066922,29,D
0,19.1203942097313,21,F
1,4.29470250243127,6,D
3,10.3332851968775,27,D
2,14.7203473673067,13,B
2,11.1368882626913,4,B
3,18.580417714336,16,F
2,7.55936711282568,21,F
1,9.27351611546356,25,D
2,1.77044630429457,20,C
3,12.1799822210386,5,C
3,5.76423936896212,15,A
0,3.20618079031138,10,C
2,10.8906258580902,9,C
2,10.6462052675982,14,B
3,1.51743282448095,6,A
1,13.9643090698895,22,A
2,12.4754438130171,1,B
3,3.78034565492994,11,C
2,9.38869724308088,18,C
2,14.4064583295712,11,A
0,10.5887148108255,15,C
1,7.9097815236714,5,A
1,6.44676916161887,2,C
3,12.2078773328811,1,D
1,18.7821739662048,19,B
2,13.4348968095497,4,F
2,1.49491807272631,10,D
1,9.21369946964268,25,C
2,17.8164826302126,24,F
2,1.88924851602174,2,D
3,19.7775142427509,2,B
2,18.9813878729084,21,F
2,1.56548961459752,4,F
1,18.6682664089911,21,B
3,7.26265180518924,22,D
1,16.8941833415173,10,F
2,8.36766675426543,2,B
1,8.81710225405032,12,D
3,12.6848618195509,20,C
2,15.4895483855197,7,A
2,0.675783018964973,19,C
1,11.8631199105427,9,C
2,3.73465988194742,1,A
2,6.91899035726406,3,C
2,6.95937332310433,17,C
1,9.38120680442307,18,B
4,6.68272823752347,3,B
3,2.14722236901336,19,D
1,2.91257477050903,25,F
3,0.668759711221953,8,D
2,9.40498170657509,15,B
2,19.0889538970598,25,B
1,2.31350447296233,5,A
2,18.9252898600616,24,A
2,14.6672302946419,3,B
2,12.7499760586833,8,C
2,12.9055551064713,26,D
2,16.5345529679256,12,B
2,2.13839728759643,8,B
0,10.0950864713108,5,A
3,13.9418227652152,20,D
2,11.7364089014713,18,D
1,16.6555814204659,13,F
1,1.44543418022703,20,B
2,13.8140207899833,14,F
3,10.6805546076944,2,A
1,7.58321727959887,4,F
2,6.80549964468062,20,C
0,12.4166526554839,17,B
2,17.8199074928853,13,B
