ParentalEducation,GPA,GradeClass
2,2.92919559166768,2
1,3.04291483343638,1
3,0.112602254466182,4
3,2.05421813970295,3
2,1.28806118179539,4
1,3.08418361448639,1
1,2.74823741489158,2
4,1.36014271231646,4
0,2.89681918951357,2
1,3.57347421032977,0
1,2.14717162501851,3
1,1.55959451904028,4
1,1.52007781487481,4
2,1.75158095833408,4
1,2.3967881171248,3
2,1.34152071653467,4
1,2.23217527771598,3
0,1.38440417569403,4
3,0.46955332337987,4
1,2.3957840945307,3
3,2.77841129992065,2
2,0.346894036705015,4
0,0.312546230525355,4
4,1.77013187677997,4
1,1.50515562203629,4
3,2.97785191831574,2
1,2.94871767191192,2
3,2.14520472046719,3
0,2.85480392898132,2
2,1.51944172581514,4
2,1.72712030952241,4
3,1.84753547113879,4
3,0.384616972856488,4
3,0.94940609779728,4
3,1.14095941842034,4
1,0.261472260050752,4
1,0.218284856821032,4
1,1.06776355104198,4
1,3.01890585842797,1
1,1.52686783179272,4
2,1.05828739968986,4
1,2.62512809773223,2
2,2.80875482202865,2
1,2.88889166927244,2
1,4,0
2,2.51530027225625,2
2,2.56376543001509,2
2,1.70361180323237,4
2,2.09988515672059,3
1,2.4610469629081,3
2,2.93547719169463,2
0,1.98637805921875,4
1,1.57154419139928,4
2,1.66431068966108,4
0,0.756259166574193,4
1,0.802769539234207,4
4,1.34238717795773,4
4,0.286571288286622,4
1,2.61383869367367,2
0,0.929012554625937,4
1,1.89275869592659,4
1,2.33126154930875,3
3,2.23423847260023,3
1,2.38582821907646,3
2,3.34735674350781,1
1,3.26185530733329,1
4,1.03962387914771,4
1,0.0278186247324679,4
2,1.32996453787688,4
1,3.28391652189738,1
2,2.93745418231686,2
1,0.73886820280526,4
1,2.55680166283342,2
3,3.3009285689708,1
3,2.20068294656056,3
3,1.85586557316819,4
2,2.73440149441999,2
3,2.13173729718723,3
0,0.979769910775286,4
1,0.994325023551287,4
1,2.07469997678133,3
2,0.500508035804656,4
1,2.53243841758767,2
1,1.4633780357857,4
2,2.34283677319186,3
3,1.1588463344506,4
1,1.52374874473373,4
1,0,4
1,1.05862201444399,4
1,2.22974018417477,3
1,0.194743280745515,4
2,3.50692007136921,0
2,3.55228694335094,0
2,2.23849135429023,3
1,2.70847234385688,2
3,0.732908233901387,4
1,0.96548244530453,4
2,2.55523285993809,2
3,0.744322299921236,4
1,0.722056581395191,4
1,1.27122952983734,4
3,2.52614214142023,2
1,0.942415395359523,4
2,1.51563909839502,4
0,0.648273926708192,4
2,2.04885008213886,3
1,0.842295999257139,4
0,1.46418792369065,4
2,1.4879468651698,4
1,2.58756579637064,2
1,3.22080697819487,1
0,3.54515943180031,0
1,3.08959895307465,1
1,1.91995643991821,4
0,2.19859318458696,3
3,0.878212616762777,4
0,1.34036864751241,4
2,1.81951133571391,4
1,0.619350931467534,4
1,3.61946086969352,0
3,2.17490279620988,3
1,2.97440601491104,2
4,0.980735843748803,4
1,3.10167380901511,1
2,3.49825734177332,1
2,2.59055344505298,2
3,3.53500375818432,0
2,2.81992174529319,2
2,2.01659677451766,3
1,1.37118503889172,4
1,2.1047955879699,3
3,3.03043908869652,1
1,3.58242187231196,0
1,2.42654670603925,3
2,3.16143627025836,1
1,2.12263852962887,3
4,2.20486058099732,3
2,1.18298750049805,4
2,2.7387957163436,2
3,2.2379013009826,3
0,3.13948154638039,1
1,1.0460447710801,4
2,0.816458245213799,4
1,2.03354462052118,3
2,2.43207852278224,3
3,2.6597713195279,2
2,3.58888793976501,0
1,2.314587627811,3
4,1.00722582021403,4
2,2.88161232146052,2
2,2.80450492891168,2
1,1.76292112409987,4
3,1.11991126295732,4
2,1.03065750571988,4
2,3.07561935366143,1
3,2.63143406512442,2
1,0.503066907327915,4
2,2.78423783714282,2
3,0.247626765086563,4
1,1.18954876961879,4
2,3.37599400880284,1
3,1.29357355644595,4
2,3.71858690428696,0
2,2.67055961481983,2
3,2.36964801344962,3
3,1.62448682022215,4
1,2.53747682781436,2
0,2.29841792850948,3
2,2.25980415049612,3
2,1.32134330086988,4
2,0.949974228123857,4
2,0.818786616073051,4
1,2.33922451275359,3
2,2.68277628796337,2
1,1.54383747108562,4
2,0.196901104823622,4
2,2.74861025744809,2
1,1.10489378769994,4
1,2.55343981144394,2
2,3.27423345880988,1
2,3.18606037803891,1
1,1.72211575024059,4
4,2.33804635759037,3
2,3.27399874843434,1
4,2.99350239120528,2
2,0.896397899023395,4
2,2.9610552588036,2
3,2.6743510954521,2
2,1.21787315133337,4
2,1.36559111032951,4
1,1.52227484468543,4
2,2.2314023973705,3
1,2.13526635489009,3
1,2.25569891496315,3
0,2.75114578761171,2
0,0.897634158616404,4
4,3.1173544347855,1
1,1.28759513125801,4
2,0.571053098033026,4
3,0.581355799494972,4
2,1.64346240407396,4
1,1.23484404078202,4
2,2.96809361957977,2
2,2.00929847972232,3
2,1.14608603412959,4
2,2.19236319785529,3
4,0.94573087329995,4
2,0.56725002849029,4
1,0.970764347092829,4
2,1.65606012550047,4
0,2.83931324915603,2
3,0.189818059909026,4
1,3.25829468502287,1
1,1.9200558526589,4
3,2.02177149436938,3
2,0.12593307462495,4
1,1.28701341239023,4
2,2.59142670322931,2
3,1.4633796485356,4
1,1.46554938643381,4
3,1.71046683770954,4
0,2.28850568525223,3
2,1.96096884865323,4
3,2.62162332627734,2
1,0.768316385983668,4
2,1.80640634540581,4
1,0.88186635307777,4
2,0.817068220656347,4
2,1.44613252770197,4
2,3.33909436220031,1
1,0.819625477947445,4
1,0.676817973111282,4
0,1.38954487446497,4
1,1.99150841402518,4
2,1.63986755041461,4
3,2.51174302060542,2
2,2.9839199495865,2
2,1.25865485443205,4
4,1.41792992737276,4
2,1.59701657238177,4
3,3.08869986818596,1
2,1.64134144277871,4
1,2.58687065626343,2
0,2.38903264521219,3
2,1.89814640028123,4
1,2.11048797498175,3
1,1.70027358940491,4
2,1.04449999508771,4
2,1.19416613376448,4
2,2.64913682819655,2
1,1.23414138892773,4
1,2.12740886591283,3
2,2.91388764913813,2
4,3.11939391315038,1
2,1.03637873832573,4
3,2.40328454702353,3
2,3.15650806390945,1
2,2.72347185874006,2
1,1.53095114631091,4
2,3.46858134913573,1
2,2.30203204434141,3
2,1.26567790919943,4
2,1.47960222773903,4
2,1.44507671919938,4
1,0.809433810368462,4
2,2.15023326998878,3
1,0.559143715511845,4
3,0.580788485177057,4
1,1.60208919598467,4
0,1.00279836358194,4
2,1.66306345319906,4
2,1.53154645971957,4
2,2.20584214703034,3
1,1.15533856096566,4
2,2.1537583398694,3
1,2.59278668631704,2
3,0.912330507095554,4
3,0.695630933459946,4
2,2.13961989136899,3
1,1.55044933089233,4
2,1.5475367003506,4
0,2.96654803429495,2
2,1.63367937100322,4
1,2.33254031953541,3
3,3.27026230940474,1
0,0.346470592590277,4
2,1.89490433634011,4
2,1.45674260108727,4
2,2.55372315127219,2
0,2.22419746121201,3
4,1.84760041810843,4
2,1.84976070713348,4
2,3.26879421556022,1
1,2.54651663724602,2
2,3.10122922050413,1
2,0.655954077962677,4
0,3.08851230561668,1
1,1.992559805482,4
3,2.60524744554785,2
1,1.73397245423347,4
1,1.11384878785912,4
2,1.6492502516618,4
2,1.33755498020988,4
0,1.98465991855717,4
2,3.06088165596695,1
1,2.392897358425,3
0,2.0837969900968,3
0,3.64573804877044,0
3,0.322286081625407,4
1,1.12951433436155,4
0,0.630756943866611,4
2,3.15722963880409,1
3,0.680087787496653,4
1,0.796359847886648,4
2,2.84403921492559,2
0,1.25345185421586,4
2,0.534508880538856,4
2,3.19104611821992,1
2,2.81542127530912,2
1,2.1571223032651,3
1,2.72382806040106,2
1,2.62769390555435,2
1,0.912415620835426,4
0,2.60962308181745,2
2,2.98199225540616,2
4,1.6250827736962,4
4,1.36169841785941,4
3,1.91696189612943,4
2,1.01125319461675,4
2,2.33215904050512,3
1,3.38793834776599,1
2,2.38469079135841,3
2,2.78081699561049,2
2,0.534835753539473,4
2,2.54221434878204,2
1,3.00712906743128,1
1,2.98580981437681,2
3,1.9493060573283,4
0,2.1478451963635,3
2,1.17576802523584,4
3,1.40036325409442,4
2,1.75554402334139,4
2,2.90009623920555,2
1,1.03345949069016,4
1,1.90774236338715,4
3,1.88090928976548,4
2,2.61495035394979,2
2,3.10713559357261,1
0,1.38646456150001,4
0,2.83376007184481,2
4,1.08615139735499,4
1,2.8740373600353,2
2,2.89567130465918,2
0,3.18130760227711,1
2,0.471283108843432,4
3,2.21137952797335,3
2,3.37525225524608,1
1,3.20385819079693,1
2,3.35017911059249,1
2,1.72579152974271,4
2,2.2166038146961,3
3,2.00462731700749,3
2,0.715742045544675,4
3,3.88064008486974,0
2,1.68952815841894,4
1,1.75797880350143,4
1,2.13639954624039,3
1,0.911568270646688,4
3,1.1378011102056,4
2,2.34926492736688,3
2,0.623747436547288,4
1,0.341029445925127,4
1,2.2238136667517,3
2,2.32824038463015,3
2,1.62307782200885,4
1,2.2008963215286,3
2,2.58411065506386,2
0,2.9965033042477,2
1,2.37399348143585,3
2,2.83040445570955,2
1,2.52511553383549,2
4,1.04298165058828,4
1,2.66109690367022,2
1,1.59959388772805,4
1,1.7994091491725,4
2,2.65763855669601,2
2,2.9984840618831,2
2,2.97740843289268,2
0,1.37516413694781,4
0,1.84886644019124,4
2,2.44245620012927,3
3,2.85603851435321,2
3,1.2061502302551,4
0,0.895902990399077,4
2,0.273190929158343,4
3,0.66750896106505,4
1,1.08944060415243,4
3,2.81321100812163,2
1,1.8687585897072,4
3,3.03569359551084,1
2,2.13535680128746,3
3,3.03811612920999,1
2,0.994129410386746,4
1,1.23255716573282,4
3,0.864403742999579,4
1,0.115231854848827,4
1,2.93458630526649,2
2,2.04693881710963,3
2,3.06547313363424,1
3,2.43702630011427,3
1,2.42761463595767,3
2,0.777150954759191,4
2,1.87957544516673,4
0,1.5965748744046,4
1,0.704595243464659,4
1,0.764186697389649,4
1,1.50341667930531,4
4,1.52583786215613,4
2,2.27084110752442,3
2,3.40235253864445,1
4,1.43820496836762,4
1,0.336571298608156,4
3,3.11228113652054,1
2,3.77069472184229,0
3,1.65561332252205,4
1,1.05046969155968,4
3,2.53539128368868,2
1,1.39609049424525,4
1,2.02541698239946,3
2,3.26830254785319,1
1,2.01721803884332,3
2,2.39768257949156,3
2,0.287867323329123,4
2,1.54871021113503,4
1,2.90524211230726,2
0,0.248977131230726,4
1,3.4184098665462,1
2,0.582920886468958,4
1,0.930028645913522,4
1,2.67908571805819,2
1,3.10623042498445,1
0,2.78128788370003,2
2,4,0
3,2.33278396363331,3
1,3.06771836984655,1
2,0.869123386308555,4
2,1.52050387738001,4
2,3.28982314217598,1
2,2.17573929267197,3
2,1.85242869081694,4
2,1.47728877039737,4
0,2.87892686256804,2
2,1.05805077209866,4
2,2.57289042010417,2
0,3.58773558707775,0
1,1.30141801379926,4
4,3.20949313590321,1
2,2.5372306390537,2
2,1.9893957592572,4
3,3.00423330280109,1
2,1.51351675587974,4
2,2.17274055170098,3
2,0.641649168624672,4
3,2.753590231799,2
2,1.03848835247087,4
2,2.25501910293114,3
1,1.6667022575216,4
4,2.49945942963503,3
2,0.278215459239072,4
0,2.63759422813236,2
3,3.05712172821228,1
2,1.36193282721191,4
0,3.23893171773581,1
2,2.57303438505675,2
2,0,4
3,3.14390987812102,1
1,1.04646340029671,4
3,2.86857422822081,2
2,2.63944729157462,2
0,2.66974993259634,2
4,2.79488528253423,2
2,1.18656972919231,4
1,2.5201752585543,2
2,1.60107848806826,4
3,0,4
1,1.59505475875544,4
1,2.22200285309574,3
1,1.61509314848367,4
1,1.67591943071438,4
2,0.21431950358434,4
2,1.55676555690832,4
1,2.15419935338993,3
1,2.07066931239794,3
1,0.567237106799995,4
3,2.16268810792022,3
1,1.29123042594309,4
4,2.3401563891047,3
2,2.92396974006305,2
1,2.19014660177917,3
3,3.07421419200713,1
2,1.00943032184896,4
2,2.1185006019239,3
4,2.61534794763985,2
0,0.415930507177843,4
0,3.94709296422018,0
2,3.01735322708325,1
1,2.81378629105496,2
1,0.76963612145607,4
0,0.892266135167912,4
0,3.66629082652748,0
2,1.4015482387658,4
1,1.42333833617522,4
2,3.14964474352551,1
2,2.35373115175654,3
2,1.16135435133533,4
0,2.64719598587369,2
2,1.29899798484883,4
0,2.64419736836015,2
2,1.73798961872145,4
3,2.01877689899652,3
2,0.717780497596894,4
2,2.26758440088839,3
2,1.27149462296619,4
1,2.62166689339297,2
3,1.22852850525004,4
3,2.49531236098415,3
1,0.701761807833273,4
2,3.8649768612964,0
3,0.684651926072042,4
4,1.88585022368373,4
2,2.32783276268069,3
2,0.88023281248432,4
1,1.41198150690593,4
4,1.6625318303754,4
1,1.341598476825,4
2,0.659202916327925,4
1,2.15337120645785,3
1,2.4431029199122,3
2,0.270088554634174,4
4,1.31672462334418,4
0,0.817714202385621,4
2,2.05694596974298,3
0,3.21933334807461,1
1,2.24087006003816,3
2,1.91379979690134,4
2,2.2403343764633,3
1,2.25454758619172,3
1,1.89130042993889,4
0,2.20622634147767,3
1,3.33509815464201,1
4,2.41198646147133,3
3,2.16097851904206,3
1,1.16539436312127,4
2,2.58350063639477,2
3,3.01706325594623,1
0,2.57617469681858,2
3,0.233349880471507,4
3,3.6465163889498,0
0,2.6054252316173,2
1,3.36692951538211,1
4,1.583780257938,4
2,0.776396705948381,4
0,0.783486640015118,4
1,2.32831171126172,3
2,2.7184654357945,2
2,3.24488220326618,1
2,2.8656747490202,2
4,2.32632675646665,3
1,3.30306667864258,1
2,2.48921823775653,3
2,2.60026418690733,2
2,2.11917149203481,3
1,2.52269454789148,2
4,2.47585411020025,3
3,0.782809234051424,4
2,0.766404869492034,4
2,1.28362207754783,4
1,0.643145932750361,4
2,1.6692302172984,4
2,3.28207005059375,1
2,0.743714016964717,4
4,3.32506684317891,1
2,1.18451976440166,4
1,1.61653609874521,4
2,1.5830839708839,4
1,0.184251489090364,4
1,0.472181042209025,4
1,1.29935551780873,4
2,2.37962828320693,3
2,3.56628312996711,0
2,0.278347570869634,4
2,2.42154688277155,3
2,0.617680423591372,4
1,1.80472665783738,4
3,2.63520812963825,2
1,3.43602538876957,1
1,2.73737792616276,2
2,1.14669607979526,4
1,2.40526752576415,3
0,1.52528204892619,4
2,2.44615708063582,3
2,1.95295301225495,4
2,2.29308719138899,3
4,1.47167202947976,4
2,1.10671349775367,4
3,1.20585697570564,4
1,2.55907035501775,2
2,2.45765102249571,3
3,1.22674128577128,4
2,1.59043309835654,4
2,0.310669532597986,4
1,2.77181065887049,2
0,1.5826829916644,4
2,1.10558709814311,4
1,2.30029613516737,3
3,0.991883698047661,4
1,0.165110621551877,4
4,0.989329920598756,4
4,2.23025352133379,3
1,1.38352807789466,4
1,2.13140526298108,3
3,1.86827692299816,4
4,1.24748194363828,4
2,0.299907547598506,4
1,2.70519569479455,2
2,0.897938092080014,4
2,1.39173179136259,4
1,2.15054616599322,3
2,1.44874124152656,4
0,0,4
0,3.09171502835648,1
1,2.57692769545217,2
1,1.95587252656284,4
1,1.87870834432266,4
2,1.63040013160605,4
1,2.37274811036067,3
1,1.27937061147685,4
1,0.155004788411154,4
4,1.27834703366972,4
2,2.6559935659148,2
2,2.68231605262702,2
2,1.64481993948329,4
4,1.39627843837789,4
1,1.60948679879393,4
2,1.1873675246492,4
2,2.01979702271327,3
2,0.241625628220884,4
0,1.24772519420529,4
2,0.852682363402751,4
0,0.965700988949166,4
2,2.42380075163983,3
2,1.74196816728944,4
1,2.8459257757426,2
3,2.03956439804496,3
0,1.54206373964044,4
3,0.730779602362944,4
2,0.49998777839316,4
1,1.12288938107544,4
1,2.95949272810391,2
4,2.30020523957597,3
0,1.35272076359225,4
1,2.13406203808262,3
1,1.29979432033699,4
2,0.747833944123774,4
2,0.532923203778997,4
1,2.07376979031716,3
1,1.99137936399014,4
1,1.8999595995373,4
1,2.61488394182918,2
2,1.81027074428876,4
2,1.58193148063545,4
1,2.27133280330209,3
1,3.36367049109561,1
1,0.481298480465251,4
4,0.199927379451219,4
4,1.26800875072247,4
3,0.882552454000117,4
1,3.12013663938495,1
0,1.80415469177622,4
1,0.681703643505879,4
1,2.89826181716279,2
2,1.73031800279137,4
2,3.56079167212821,0
3,2.52877457440683,2
3,1.59238785820331,4
1,2.37413097201501,3
2,1.81040948004114,4
1,2.82982643130157,2
0,3.04760208881881,1
2,3.6259217303468,0
0,0.927321545323887,4
2,1.33195894876427,4
1,0.779551721518613,4
2,0.881358446631214,4
2,2.39812108593769,3
1,0.758814268784536,4
3,1.02886559596338,4
1,1.44447669518376,4
2,2.21406745916135,3
2,2.51191808753226,2
2,2.69014980301045,2
4,1.60527438617543,4
1,2.70988948741811,2
2,1.52856350134188,4
2,1.77856920228702,4
3,2.12196405886357,3
1,0.405904831428425,4
2,1.12392632774121,4
2,0.870330411031819,4
1,1.82282920806858,4
2,2.23118293194625,3
1,0.966967717491144,4
2,1.69185894616234,4
3,2.06975820586126,3
2,1.05787612679207,4
2,1.3214272070131,4
2,3.5169407207159,0
0,1.04915700247521,4
1,3.4861413290978,1
2,0.586837405483887,4
1,2.35881589745505,3
1,3.15222228569957,1
2,0.587835083343753,4
1,2.66889332908893,2
1,0.304372034253284,4
2,0.280670307881415,4
1,0.87309119735635,4
3,2.33078348294513,3
3,0.318850908518507,4
2,1.79228932053543,4
1,2.57321913650581,2
2,1.08449012582262,4
3,1.08669668028181,4
2,1.00411266268769,4
1,2.82460489251785,2
2,1.3643737821172,4
3,2.60728640079044,2
2,0.568468083793329,4
2,0.57379619332855,4
2,2.25807103519805,3
2,2.84009297510131,2
0,1.68311726284165,4
2,1.72090715007534,4
0,1.53778390932073,4
2,2.0634635075133,3
1,1.87854750994844,4
2,0.863270859047181,4
1,2.51328613301163,2
2,2.77216326962038,2
2,2.88838593578936,2
1,1.3371610494937,4
1,2.37061161469477,3
1,0.854464647771315,4
3,0.322641826994448,4
2,1.8342269970893,4
2,1.990060452448,4
1,2.22698339379104,3
2,2.60838689826964,2
3,3.40633908227271,1
3,0.867034373927699,4
2,2.16609132515856,3
0,2.42292833291079,3
1,1.50955787777647,4
0,2.44385726431874,3
1,2.00382837863094,3
1,2.46530648946706,3
1,0.844792001871668,4
1,2.73105889844873,2
3,1.7360114893742,4
2,2.5896707308558,2
3,2.74236112310161,2
2,2.49591943970636,3
1,2.8534371942018,2
2,1.59134799194569,4
1,3.20967332836046,1
2,3.12761786518404,1
1,3.45327589675723,1
4,0.822773566966738,4
1,1.21733522804496,4
1,0.762684311227051,4
3,2.14584867088544,3
0,3.29913100183334,1
2,1.17081228460307,4
2,1.42459565287153,4
3,2.90265936685575,2
4,0.691477418739295,4
4,1.88654250007828,4
0,2.63534135126111,2
3,1.50033941893455,4
2,1.2355538161189,4
2,0.604613405510861,4
1,1.38813897625668,4
2,3.30055220627926,1
4,2.16864159345454,3
3,2.79726747973193,2
2,1.71745861538754,4
0,1.68790049233408,4
1,2.95214586347002,2
3,0.963375009251473,4
2,3.33497182798592,1
2,0.443640655212472,4
0,1.95579173883541,4
2,2.85035133922534,2
2,2.37006742223053,3
3,0.152590779233678,4
2,2.12304312697031,3
1,0.922013231542936,4
2,1.42899323811113,4
0,1.89344091554191,4
4,1.93958466603405,4
1,1.51127699716595,4
2,0.825604174392789,4
1,1.76435430865372,4
2,1.29559490049588,4
2,2.47371717807815,3
2,0.0197984850174091,4
1,2.20295850571128,3
1,3.04002543598107,1
1,1.06907998656484,4
2,3.94176002244426,0
0,1.48259597306949,4
2,3.04227536933367,1
3,2.10396651034335,3
3,1.78752232901565,4
2,1.10038188259466,4
2,0.854558288580538,4
0,1.19965138758703,4
2,2.59194091914419,2
3,2.28221274517396,3
1,2.75487749327043,2
2,1.92126864691676,4
3,1.58355649569153,4
3,1.72338568640185,4
1,2.8760550053652,2
2,1.88899193042875,4
1,1.3693699674227,4
1,2.55054623369591,2
3,1.94357334054471,4
3,3.3104012689002,1
2,1.41893867450383,4
0,2.35305465503796,3
3,1.75288620621656,4
2,0.513962988691782,4
1,3.02195486753329,1
2,1.83474944819227,4
0,2.27570014700836,3
2,1.76764678458068,4
2,1.35372307428634,4
1,1.03420116856008,4
1,2.7583418311647,2
1,1.78996687416233,4
0,1.22397360691602,4
2,2.44361910542094,3
3,0.362957002756128,4
0,2.25175392194975,3
0,0.900041692455332,4
2,0.656616923316195,4
3,2.18642695133485,3
1,2.88313626573597,2
1,2.87785369763698,2
2,0.0120634896338959,4
1,2.58373816277264,2
0,1.16155453109493,4
2,3.30169051268768,1
2,1.50517277333145,4
2,1.38569622055456,4
2,2.24092394868462,3
2,2.11672338223446,3
1,1.03665683436473,4
1,1.61746020672599,4
1,0.865945542142021,4
1,1.32024598722263,4
2,1.25976468266523,4
3,0.0815731844151464,4
4,1.68967308484543,4
2,0.460421649759542,4
1,3.57704389742973,0
1,2.08787212660687,3
3,3.3695843618328,1
2,0,4
2,0.0946515916807701,4
2,1.40531562790157,4
2,1.87826418002578,4
3,2.87190477041878,2
0,3.70794804021675,0
2,1.17486809107454,4
3,0.995449641880406,4
1,2.52871125678992,2
2,2.59683449026146,2
1,2.46060677377515,3
4,0.547780723541932,4
0,1.80305442673625,4
2,2.30997584776939,3
1,3.09336394332428,1
2,2.615900723687,2
1,2.27691831821056,3
1,1.05153152634721,4
2,2.74770615904437,2
3,2.62167010401269,2
1,0.243298093844274,4
1,2.19470652082462,3
2,2.63990648770734,2
2,0.833493418253365,4
3,3.40240159080225,1
1,2.61629169543618,2
2,0.339715384968452,4
1,1.6977287802152,4
1,2.35685680687021,3
2,0.845624839885125,4
2,2.24654527316909,3
2,2.47869918282905,3
1,1.37428828261904,4
2,1.35538104542858,4
2,3.06049075008793,1
4,1.55695712212336,4
1,3.21953124790317,1
1,1.15015354842955,4
1,1.32142930249244,4
2,3.49132658833781,1
1,3.86958672420437,0
3,0.170463613252981,4
1,2.1973872900257,3
3,0.0211555827545139,4
1,2.38679950728126,3
2,1.36103128787472,4
3,3.51068088997307,0
1,1.43737075029138,4
4,1.80441745853217,4
2,3.26226986433415,1
3,1.16965823809734,4
2,1.40155093395082,4
1,0.549601825358959,4
1,1.51650826791944,4
1,2.03221951171853,3
0,2.28929977523868,3
1,2.08668774099523,3
1,1.6676669904535,4
2,2.59588905069642,2
2,1.95076917665965,4
1,2.10254189855436,3
1,1.37916719972096,4
2,0.67219968006134,4
1,1.1416385674703,4
0,1.62101211474317,4
1,1.12211097341831,4
3,3.40204410838301,1
3,2.68385473868496,2
1,2.99685627870823,2
2,1.28486571080729,4
2,1.20105330261387,4
2,1.97802171843814,4
2,3.83669864024059,0
2,1.17990340668534,4
1,1.54005945954137,4
0,3.15885826222125,1
2,1.752496835513,4
3,3.04511348214609,1
2,1.16560394585802,4
3,1.78576079108766,4
4,0.841108717353789,4
1,2.39718255762591,3
2,3.57690901545907,0
2,3.22515827518916,1
4,0,4
4,2.80669776419183,2
2,3.42183767002628,1
1,2.10530927879711,3
2,3.16090209115593,1
1,2.99354156040455,2
2,2.49022042562398,3
3,2.13083277964081,3
1,0.838464873319738,4
2,0.676771033406853,4
2,1.73595651158532,4
2,1.25457261814276,4
1,1.92268823497601,4
2,2.19199841960638,3
3,1.75752348620505,4
3,1.92410231989277,4
1,2.80797412962046,2
3,2.13877267712264,3
2,1.36384104723973,4
1,1.72272605215927,4
0,1.1921084719957,4
1,1.53478238968079,4
3,0.115243210958291,4
2,1.56235956444176,4
2,2.09603262493828,3
1,3.0092383227043,1
2,2.07110806488456,3
0,1.74735645189599,4
1,1.07986736900243,4
2,2.27140021100318,3
1,2.11723303121542,3
3,0.743592358378732,4
1,1.892745844623,4
2,1.58646418895305,4
2,3.51232289483365,0
2,2.62921152117377,2
1,1.83664280000112,4
0,1.83435914042803,4
3,1.76605597729189,4
1,3.20171021701525,1
3,1.26389077193372,4
4,1.42772437627469,4
1,1.07070795188205,4
1,0.83271750579551,4
2,3.13022279452157,1
4,2.53709895057245,2
3,1.6710761817818,4
2,0.81655065967435,4
2,1.13140273551418,4
1,0.333154228293041,4
4,1.48906302025101,4
4,1.68333003157123,4
1,1.92194213373612,4
1,1.9400069221827,4
1,1.06584867320584,4
1,0.968986131125495,4
3,2.68614499013959,2
1,3.52061239163388,0
0,2.81597329568107,2
1,3.48751066822196,1
4,3.59212897785981,0
2,1.57844166545805,4
2,1.88600817412583,4
1,2.36601087218728,3
4,2.43493437884644,3
3,0.39318647136243,4
1,0.713267665060888,4
0,2.57444997024333,2
0,0.700539866899844,4
1,1.58628923745522,4
2,2.05857529269328,3
3,3.12964005063755,1
2,3.53919871153237,0
3,2.05996665628182,3
2,1.75603549472319,4
2,2.62260105205008,2
2,0.262861166662393,4
1,1.70441508856823,4
1,2.10444993147125,3
2,0.837512319643973,4
0,0.556828032953946,4
1,3.35013097403461,1
2,3.27964622416243,1
4,1.55632895669071,4
2,2.84637875341922,2
3,1.13789980068529,4
2,1.39178777934572,4
2,2.18279522115223,3
2,2.25387117850782,3
3,2.25402003724327,3
2,0.392549010603881,4
2,1.48485769746784,4
2,2.67209336430009,2
2,1.83151128144078,4
1,0.758182973745001,4
0,2.93817546720145,2
0,3.05492412503806,1
3,0.917582200361948,4
1,3.46088465273172,1
1,1.84190774937114,4
2,1.18598551447824,4
1,2.42223068557093,3
2,0.912660673381274,4
1,3.07330447256282,1
4,2.16728295614544,3
3,2.55386449823164,2
3,2.44860251894725,3
2,3.46323930465168,1
2,1.44286885930352,4
1,0.913127809005024,4
0,0.923753224971706,4
0,1.84359708260836,4
2,2.09664544050513,3
2,0.875367123899009,4
2,1.44900032096153,4
0,3.08119355477874,1
2,1.1187524053837,4
2,2.0622007000872,3
2,1.56291163534257,4
2,2.49283810766837,3
1,1.10017204109421,4
3,2.69359851590996,2
2,1.68484220669922,4
1,2.42358536696607,3
1,0.405052613040812,4
2,0.651340702424779,4
3,1.79485975029882,4
2,0.963631930754624,4
1,1.93078279689875,4
3,0.994334750695751,4
2,1.35432703414525,4
2,0.703573143781357,4
2,1.52394515516554,4
1,3.3586942691799,1
2,1.76569517319031,4
1,1.78740259617489,4
4,3.15402324574921,1
2,2.00514471291338,3
2,1.72075965032922,4
2,3.1270562240684,1
3,1.4419187564512,4
3,1.62092123850638,4
2,2.19621734987256,3
2,3.10307534337897,1
2,0.473623395542819,4
2,1.04386586714275,4
1,2.38553067060171,3
2,0.270110314124783,4
1,0.438981740569069,4
3,1.5580598553696,4
1,3.68096134442784,0
4,2.1105837595046,3
2,3.29154084100464,1
2,0.42776335417497,4
2,2.84648746874603,2
1,1.77235543300969,4
1,0.797517669162269,4
0,3.52093145282294,0
2,1.59136573814251,4
2,1.8640736524088,4
2,2.41184062242508,3
1,2.1376920881522,3
1,1.07333338989704,4
2,0.312479581274079,4
3,0.502226121025889,4
2,1.49030889690661,4
2,0.876544105869589,4
2,2.05191903204166,3
0,3.29433243714391,1
4,2.60783935250286,2
2,2.20700198139542,3
1,1.62935589580939,4
2,0.493741135188966,4
1,3.20431318129244,1
4,2.0681117849682,3
1,2.28134500608027,3
2,2.48217240818761,3
1,2.62217900177468,2
2,3.35059197885234,1
2,0.841175753995068,4
2,2.37198291481847,3
2,1.92259134903069,4
3,1.00751730844565,4
0,1.55387334010895,4
1,1.24769279579708,4
1,2.46074352711323,3
4,0.963340431011369,4
1,2.08369798587288,3
2,2.94219884172814,2
2,3.17945076810077,1
1,2.62733729616006,2
1,3.10949357887921,1
1,1.42291751214953,4
2,2.05820448412248,3
1,2.91701098341245,2
0,3.18444210710873,1
3,2.60537536880418,2
4,2.3460257413683,3
1,2.23946398594873,3
1,1.75116335756424,4
0,2.95272156721325,2
2,3.07213660648793,1
3,2.809311538791,2
1,2.64405986131353,2
1,1.3974290948962,4
2,2.44006052610332,3
2,2.62681923768859,2
0,1.46842888459313,4
2,2.38066691657584,3
1,2.30345334926998,3
1,1.59612810343099,4
2,1.68538914640626,4
3,1.89700035036466,4
2,3.49677654458072,1
3,3.36123085827288,1
2,0.821701669770558,4
2,2.64047613569808,2
2,0.897216927238586,4
3,1.67467621844507,4
3,0.906353743453148,4
0,2.41902893685715,3
3,2.13144706871876,3
3,1.03080265890954,4
2,1.50951986021979,4
1,1.78923983671814,4
3,0.59641701714852,4
3,1.41455567782258,4
1,1.2421763241594,4
4,1.93478381189719,4
0,2.31576987496932,3
1,1.81861256045843,4
2,2.36312145975006,3
2,2.79133940310707,2
2,2.95453408376916,2
0,1.81288704320889,4
4,1.14145655560368,4
0,2.29536228036072,3
1,1.67710080187645,4
0,2.75216393103651,2
2,1.2014445824557,4
3,2.90118560688162,2
2,2.67682739428337,2
3,2.29763991255167,3
0,1.45144102140024,4
2,2.98178687428266,2
2,1.41522149052124,4
2,0.928539344144163,4
0,0.984031782647104,4
2,1.38293570490543,4
2,1.86389982176149,4
2,1.22842884729266,4
2,2.13739326496604,3
1,2.43453244400698,3
2,2.25648831170078,3
1,2.68915511211463,2
3,3.13123588481242,1
2,3.77028397261544,0
1,0.799591197690109,4
4,2.9646682309293,2
2,0.702760318863438,4
0,1.19361777133964,4
2,0.299951906162382,4
1,3.29957887342143,1
3,0.212367095203899,4
3,3.52612503780242,0
4,1.6117379539626,4
2,3.34305086411429,1
2,0.0264686610642805,4
2,1.63640311040289,4
1,1.709701378389,4
2,1.48511182810744,4
2,2.99940914692644,2
0,3.51541582964601,0
2,2.91813912755296,2
3,1.36223359936417,4
3,0.205067960146301,4
0,2.23323946630898,3
0,3.15930293845627,1
1,1.99461170320156,4
3,0.999088543897427,4
1,0.521955725664275,4
2,3.46368754912343,1
1,1.98796472652942,4
2,1.68190480439026,4
1,0.112635058995187,4
2,1.90798391354792,4
1,1.19793333110545,4
2,3.21527268488692,1
1,2.19026925870448,3
2,1.15096613144417,4
3,0.690151345098735,4
1,1.51995529207558,4
3,3.16898861010638,1
2,1.80816455876874,4
1,1.11587873030569,4
2,2.00330797982373,3
1,0.889714915087843,4
2,3.98467360265873,0
2,2.32543406491624,3
1,0.613316331564976,4
2,2.71222974268319,2
3,2.09661621144669,3
3,1.18306385034162,4
2,0.560174605702348,4
4,1.16742541277134,4
2,0.923181561504718,4
1,3.84128624851289,0
3,1.21288075148837,4
2,0.962149219890531,4
2,2.50200913363261,2
2,2.45622379444605,3
3,2.64655696055281,2
3,0.381768495150158,4
2,2.39613909507156,3
1,2.59564886259771,2
2,4,0
2,1.41952263495555,4
1,3.43268470835472,1
2,0.129306751887547,4
2,2.92894823772507,2
1,0.947133463249817,4
1,2.99954410391512,2
1,3.05538629539808,1
3,0,4
1,2.74585879838319,2
1,3.21462842569765,1
2,3.41541332424343,1
1,1.46938927183061,4
0,1.55211293765079,4
1,3.54845982608695,0
2,0.192625111740147,4
2,1.34899742029906,4
1,2.1431050688592,3
2,2.47138653293384,3
4,3.20542533441231,1
1,0.454114438074255,4
1,2.80983320749407,2
1,2.99750560842064,2
2,1.17618903371447,4
2,1.66892454578661,4
1,1.62300407500905,4
2,0.517793128374871,4
0,1.94610069833365,4
2,2.81500304797799,2
2,1.24818256681425,4
1,2.75901434338498,2
2,1.921294208025,4
1,2.73229067585827,2
2,2.22860861891227,3
0,2.61168847259384,2
3,2.19777672718566,3
1,3.33550679271782,1
3,1.72159796263586,4
1,3.2879731984208,1
2,2.56196455678897,2
1,2.35857186604042,3
3,1.49767365426014,4
1,3.51723712873573,0
1,2.40408981988812,3
2,2.51722898185862,2
0,2.43524428240221,3
1,1.28322750628642,4
3,1.0994343044705,4
4,2.19119679504304,3
1,1.58447876407021,4
3,0.475730833387626,4
2,1.20726854613458,4
1,0.264924162952827,4
2,2.70665962028669,2
2,1.53042788924777,4
4,3.1274525275924,1
1,1.0036141456872,4
2,3.36921860482088,1
0,2.79138610847234,2
1,0.673525945690306,4
0,0.337554141446798,4
4,0.886889415770466,4
3,1.5066627733507,4
2,1.70519938891902,4
2,1.97279141390272,4
1,2.62608282875365,2
1,1.6719686529505,4
1,3.09376092529088,1
1,1.64337375958425,4
2,0.339206699315044,4
2,1.92635906766275,4
0,0.449906207946115,4
0,0.709570839268509,4
1,1.74827968244919,4
2,0.97216825813212,4
3,1.93493578406269,4
2,0.690347883914033,4
3,0.730366159312876,4
2,0.682265164841604,4
1,3.02348248284469,1
1,3.72965230100841,0
3,0.841963225372691,4
2,2.58417427859696,2
1,3.37212604282597,1
2,3.06080540203399,1
2,1.16805200024068,4
2,1.34925612194363,4
3,1.11796482638266,4
2,2.5786677343064,2
2,1.62555195483636,4
0,0.93401639580119,4
0,2.70263834011375,2
1,2.96400926315252,2
0,2.26745813170552,3
2,1.7536230683511,4
2,2.02323408159301,3
1,1.67801253221609,4
3,3.65983640531225,0
1,1.36274436915864,4
1,2.81380576808971,2
1,1.30271198354414,4
1,3.38391147850725,1
1,1.37875130796193,4
2,0.731486867136845,4
2,0.400569478632267,4
4,1.72907316665373,4
0,2.61565376488606,2
1,2.98694273711263,2
0,2.12698897066675,3
2,2.7081110403183,2
0,0.815777368872651,4
3,2.52442389509401,2
2,0.908238604135737,4
2,3.05569020747344,1
2,0.837946898455383,4
1,2.83357611077892,2
1,0.785213567683819,4
1,1.88561478548442,4
2,2.70123050828509,2
1,1.52191590118759,4
1,1.87972598668809,4
4,2.03734801738494,3
0,2.52067367504325,2
3,0.136165908009804,4
2,1.97465524544678,4
1,2.19498037191313,3
1,1.71799592434853,4
1,2.51032872116909,2
2,2.43495055693989,3
2,1.35505346239621,4
2,1.5452551045197,4
3,1.6190305128355,4
2,2.02074165159124,3
1,0.983576997394541,4
1,2.06246826727709,3
3,2.64419420907048,2
1,1.34786382919351,4
0,3.05525398194347,1
2,2.51369271489172,2
2,2.3403719144352,3
3,1.58209326617451,4
2,3.56552416293627,0
0,1.60147254974082,4
3,2.6372664286002,2
1,0.905209948255469,4
1,1.57675647058922,4
2,1.78505180791957,4
0,1.88006509334046,4
2,2.55522310507067,2
1,1.57430608825886,4
2,1.81384662228395,4
1,2.58446826251151,2
2,0.529798609495275,4
3,0.71465128642034,4
1,2.7374741655052,2
1,1.27052956229531,4
1,0.750888042958631,4
1,3.75263935309428,0
2,1.16225780072192,4
2,1.87146590144271,4
1,1.0749373887756,4
1,1.31277241351408,4
1,1.70288167521945,4
2,0.54037515655234,4
1,0.341822388417712,4
4,0.269720862053484,4
2,2.50416776705459,2
1,0.530358188671646,4
2,0.820105530138668,4
3,3.40848977063304,1
2,1.35032980636101,4
1,2.0297365824476,3
1,1.77453110279934,4
3,1.9919099489857,4
2,0.754035723342988,4
2,1.49138212922541,4
3,2.15739183326122,3
3,3.10734840056804,1
3,1.99957186070218,4
0,1.36334094816379,4
2,1.30686803893838,4
2,0.588555623165022,4
2,0.681956138907534,4
2,2.81858182437894,2
1,0.744692833375679,4
2,0.725192946281799,4
2,2.92682044026314,2
0,0.552257573424865,4
2,1.29872910682099,4
1,1.18673782849849,4
1,3.33278858789347,1
0,1.48906702052984,4
2,3.30737811355316,1
2,1.6109406825599,4
2,2.05737850059637,3
2,1.67371140448533,4
3,0.490630062174908,4
1,2.23165697177502,3
1,2.25945115374371,3
3,3.45446245993531,1
1,2.1586101701466,3
4,2.74790844251461,2
3,3.32390296032911,1
2,0.909763533141097,4
4,1.16789580007894,4
0,1.22041797644199,4
1,2.33452564387574,3
2,2.84473226204249,2
1,0.972247738432064,4
3,0.856397042669721,4
0,0.952675033052533,4
2,3.2353025807091,1
2,2.53343239579791,2
2,2.77238853678324,2
1,0.946767904653286,4
1,1.31546437110317,4
3,3.31820802902305,1
1,2.33110891989709,3
3,2.90597309780737,2
2,3.34457519798893,1
2,2.16817892484144,3
2,0.211194222791904,4
1,0,4
2,0.893986012513685,4
3,1.83079324539005,4
2,2.4651174139719,3
4,2.65052234357669,2
2,3.16196151135239,1
1,2.90570297420742,2
1,3.73268470116037,0
4,2.10968632801694,3
1,2.54663457774802,2
3,2.11560396872558,3
3,0.483789390432307,4
1,0,4
0,1.81115548092917,4
2,2.67416255076991,2
1,3.10274556143328,1
2,2.43289639835131,3
2,0.591872335776283,4
2,1.41979898481711,4
2,1.36498252145896,4
1,3.52485582262497,0
2,3.05621817661997,1
1,2.57068249230976,2
1,2.13483288607804,3
2,2.30193210784406,3
3,3.35436811628943,1
1,2.25257552440578,3
2,2.05977834206103,3
2,2.70502440722697,2
1,1.82084373430587,4
1,3.26095049055304,1
3,0.741527556169066,4
2,2.94375019781778,2
2,0.447482856360555,4
2,1.84405926352867,4
0,1.89919756319889,4
2,3.3788457271666,1
2,1.66664009779017,4
2,3.30945358518381,1
1,2.76182375138514,2
0,2.04253797850481,3
1,1.48747693729906,4
4,2.87397228211846,2
2,2.01594946506245,3
2,1.07029676373108,4
0,2.60539926402091,2
0,3.36338911872659,1
2,2.12509059499954,3
2,1.05066898039069,4
2,1.58005052383606,4
1,1.39706295162501,4
2,1.16578716215261,4
1,0.962072486291987,4
1,2.31023517936631,3
2,0.935779340884796,4
1,2.93800282977301,2
1,2.76715133751623,2
2,3.02698331096149,1
2,1.53641947939702,4
3,2.49537949684787,3
2,1.61557166025287,4
0,2.21037132799488,3
1,1.79801544361184,4
4,1.56628851806135,4
2,2.92138675706963,2
2,2.51972482251175,2
0,1.48920731876266,4
2,1.66363712440122,4
0,0.773784205794616,4
2,0.891624045971172,4
3,2.21508704885362,3
4,0.651515020501729,4
2,0.974017416747298,4
2,0.341393541991352,4
3,2.7734838787502,2
2,2.49787730363576,3
0,2.07644374643116,3
2,0.773427636033533,4
1,0.988153076938022,4
2,1.37757283977798,4
2,0.476597740491808,4
2,1.83624213679715,4
1,2.92403211515863,2
1,2.28876820283839,3
2,0.822107889122904,4
3,1.46754910281344,4
2,0.654489820899693,4
1,1.82626507840231,4
3,2.16761489173918,3
3,1.81258108607369,4
1,3.01013552753325,1
0,2.13665320911732,3
2,2.29681452058455,3
3,1.49966667520128,4
4,2.52760669394052,2
3,1.37877726195554,4
2,2.46197706839445,3
2,2.142708088227,3
0,3.47851971507281,1
1,1.13596989059643,4
2,3.31563243271556,1
2,0.945299040434415,4
2,3.36009770960644,1
2,3.58344760514376,0
1,2.26890539174399,3
2,3.39464986672676,1
0,0.423991948405389,4
2,0.835989766256795,4
2,1.28608373474498,4
2,2.13178085391506,3
4,3.30866401978977,1
1,0.958776298173975,4
2,2.53977101648111,2
1,3.01289748675921,1
2,3.1674552770752,1
3,1.90451590175195,4
2,3.03329195350139,1
3,3.45771172597529,1
1,2.45033544315046,3
3,1.16470242802054,4
0,0.827082916386582,4
3,2.39831447930017,3
1,0,4
1,2.75779793056558,2
2,0.347836975905879,4
3,1.67672743683533,4
0,0.57427799975389,4
1,3.10399438010537,1
3,2.80207383436595,2
1,2.12758929674697,3
1,2.68834983631572,2
2,2.78376520992363,2
1,3.13376803853814,1
3,2.61869989495342,2
2,0.771677491745989,4
2,2.274842047467,3
4,1.53961940600191,4
2,1.1280683640829,4
0,1.59562736651415,4
1,3.13849887300077,1
2,0.798886572642257,4
1,2.97288344149451,2
3,1.55621879608021,4
2,1.85267174103724,4
1,0.974968344925579,4
2,1.39143187132201,4
2,0.236497222174891,4
3,2.62993323382393,2
3,0.529603259012284,4
2,2.31911914676317,3
2,2.75902176495494,2
2,2.09606565162715,3
2,0.745518983001618,4
1,1.79466710553414,4
1,0.701263712840255,4
2,2.45790140704778,3
1,0.429137279694934,4
0,3.01689786810266,1
2,3.61827271216723,0
0,0.425813760993214,4
2,2.73596096714757,2
2,0.223430508936565,4
4,1.01174675658085,4
2,2.5734404743023,2
0,0.200145527369036,4
2,0.802647806241625,4
3,0.539645751276114,4
4,2.48159543377951,3
2,1.63381156169705,4
1,2.40146999516293,3
3,1.26589144515139,4
1,1.26628634387429,4
2,1.62246463031856,4
2,1.85829630667519,4
0,0.640439809231447,4
1,1.39789718995572,4
1,1.42918058171783,4
2,2.93469210242215,2
3,0.632826221112053,4
1,2.5653473181422,2
3,0.397989396692544,4
0,2.06456430260741,3
2,3.12111948236985,1
0,1.92060966281322,4
3,2.32990964519117,3
2,1.27201010757339,4
2,1.06642462275961,4
3,2.90538406573688,2
2,2.56703180283306,2
4,1.69438438465742,4
2,2.80138893887628,2
3,1.81362889121441,4
2,3.34327819419941,1
1,2.1846916122861,3
2,3.4922119973943,1
1,1.81367955362405,4
2,2.77254937230307,2
2,2.44000609651358,3
2,2.86846415630145,2
0,0.516631513984203,4
1,2.89147846999948,2
2,0.710956981987336,4
4,0.424432894622909,4
1,2.2483375884712,3
2,2.71549093551515,2
2,4,0
2,2.67638970934402,2
1,1.85470044213959,4
2,3.54852055086687,0
1,1.95233364934681,4
4,1.84964338845104,4
1,0.875201088042239,4
1,1.79355572951012,4
0,1.85566691175353,4
1,0.551139652738985,4
2,1.58039863570413,4
1,1.87415777801193,4
0,0.515239399571501,4
2,1.33122948585126,4
0,1.62177273608961,4
0,0.384375395876116,4
3,1.36356154993227,4
2,1.4796687773013,4
3,1.58120387616277,4
3,0,4
2,1.88657859282285,4
0,0.863545351686935,4
2,1.4887052948654,4
3,1.47290049342708,4
2,1.3440857175873,4
2,1.36473691066808,4
1,3.83020537542297,0
3,1.5973657450318,4
2,3.32031697443993,1
4,0.648705394877608,4
1,1.01826464986992,4
1,2.44076989992714,3
1,3.15251937085743,1
2,0.217042010705896,4
1,1.81162238095155,4
0,2.77796693249101,2
4,1.22382826462201,4
0,1.10193993227163,4
3,2.06017205006751,3
1,2.52442265841544,2
3,1.96651404178652,4
2,2.84151900176763,2
3,2.20002026729647,3
3,0.925269361394532,4
0,1.84258413475663,4
0,2.66964082860873,2
1,1.32766642988684,4
2,0.754750671478112,4
3,1.84565678378633,4
2,1.53798977920327,4
2,1.58092662695241,4
1,2.88379971463006,2
3,3.05499081098098,1
4,0.328085703899122,4
1,0.611569305518309,4
2,1.56741243770481,4
0,1.21974724470141,4
2,3.02139888051972,1
2,2.26214769600848,3
1,1.45508545261519,4
2,2.44884053062293,3
1,1.28004157897047,4
2,1.04338012788812,4
2,1.03518153040991,4
0,1.57305102140288,4
2,2.89815134575336,2
2,1.82092010861186,4
1,0.728794517080748,4
0,0.902357255359799,4
2,2.4210617733875,3
4,1.22129942050819,4
1,1.99610738644223,4
1,0.622706295394981,4
1,2.90260251268379,2
2,1.34860700160633,4
1,1.35114105198072,4
1,2.74555408284983,2
2,2.99321446414457,2
2,1.58926970741686,4
1,1.65309976209707,4
2,2.13628552534976,3
2,0.737048752292923,4
0,0.352751959227427,4
0,0.690156790827648,4
3,0.94304591977056,4
0,1.88197874102791,4
2,2.47403953680968,3
3,2.50774267420683,2
1,1.56359191228061,4
1,2.45564375474628,3
2,2.7366048752761,2
3,3.26201998994637,1
3,2.28387095613807,3
2,1.15441000891351,4
0,2.78909982826909,2
2,1.53868925092391,4
2,3.05607009006034,1
2,0.740896701856411,4
0,2.49968117953075,3
1,0.895249980285442,4
2,0.774284813645338,4
2,3.01480253360998,1
1,1.82144217392907,4
1,2.54300909543507,2
3,0.645454380244234,4
2,2.63136784136887,2
1,2.7124204664132,2
1,2.67275546106808,2
1,1.71481178516102,4
3,0.210979178744765,4
2,1.85907157309747,4
2,2.67286670735014,2
2,2.71920115674061,2
1,0.736992885548814,4
3,2.29521347750058,3
2,0.84069094147179,4
1,2.13162850444366,3
1,0.992296574251193,4
2,1.45187224308354,4
3,2.86039682623556,2
1,1.18256505447829,4
3,0.130654237873675,4
2,3.36271621508511,1
1,2.25184710418713,3
0,1.68847638419423,4
1,1.8154017176023,4
2,1.49486955941962,4
1,0,4
1,1.57178643352943,4
2,2.2346855491679,3
2,0.508656500710429,4
1,0.701679910237471,4
2,1.81778957243936,4
2,2.33755846211807,3
2,1.76332411589847,4
3,1.58014983904076,4
1,1.51366041288328,4
3,0.546839868304948,4
2,3.1121707223392,1
2,0.307594059728319,4
2,2.22851142972296,3
2,2.50641541446067,2
1,1.9775380444251,4
2,2.34081101286068,3
2,1.26112823970208,4
2,1.78300189556273,4
1,1.50124009193004,4
3,2.23925398470603,3
2,3.82380132788692,0
0,0.895261805081618,4
2,3.5326403833693,0
2,1.02264173367512,4
2,1.96053870912894,4
2,2.74549180141495,2
3,1.554112898573,4
1,0.706825346273177,4
2,2.82360008468219,2
3,1.29340882698093,4
3,2.1262769261869,3
2,1.1126712011913,4
3,1.2615877089186,4
0,1.07848513481281,4
3,0.675458390528462,4
1,0.685472869679455,4
1,1.02092636510264,4
1,3.42762085762951,1
2,3.24857279235367,1
1,2.27895150495656,3
1,0.833079022485389,4
1,0.857092794352145,4
1,1.74449766276634,4
2,2.80687750541124,2
2,3.49054330713798,1
1,0.693964851862346,4
2,2.16155873707839,3
3,1.89334447203145,4
2,2.88295807080415,2
1,3.27037386077649,1
2,1.02701559993675,4
1,2.48966890236666,3
1,1.70879877085837,4
1,2.32409325683665,3
3,2.19749114573921,3
1,2.5001132999597,2
0,1.05000585151047,4
1,2.43844091900119,3
3,1.91460184446419,4
2,1.6278371303258,4
1,1.06952415236512,4
2,2.36965231277428,3
2,2.97474069496604,2
2,0.357808891950803,4
1,1.92255148991971,4
3,0.33096690773874,4
1,3.21968548326261,1
2,3.95145995081567,0
0,2.79521055349026,2
1,3.56174326805711,0
1,1.36108822691039,4
2,0.738958982094649,4
0,2.32077254376421,3
2,2.83789141795462,2
1,0.827339490518219,4
2,0.875883704823261,4
3,1.46796831625437,4
2,2.12210275716683,3
2,2.48181340945339,3
2,2.87608367261006,2
1,1.66269219855198,4
3,2.96405872630434,2
1,2.03217846252961,3
2,3.2078192453842,1
2,2.55348484607477,2
1,3.12885864600302,1
1,4,0
2,1.35706270140483,4
3,0.684887997987108,4
3,2.23469628732449,3
2,1.95320056131137,4
2,2.47092400298399,3
3,2.51248875873133,2
0,2.09725157825659,3
1,1.34513146338229,4
2,2.24172797245966,3
3,2.63734895465266,2
3,0.286110038941596,4
2,2.08454770710344,3
0,2.77788589358359,2
2,0.484183195803239,4
1,2.87573528600694,2
1,3.47133721449446,1
2,1.3180744589421,4
0,2.71590893204766,2
3,3.47456184476036,1
2,0.934942990871943,4
2,0.518522429709919,4
0,2.72609462885815,2
1,3.09906465003125,1
0,2.07354529196673,3
4,1.98313399222276,4
3,0.766273679152981,4
2,0.636132933503177,4
1,1.1480334125866,4
3,1.75040467950822,4
1,2.82110810746127,2
1,3.24051207396869,1
2,0.705861631360463,4
3,2.91272217785022,2
0,2.89472304226849,2
1,1.77727984914608,4
3,2.45718751453616,3
1,1.93907653714778,4
1,2.29168615227223,3
2,0.584740728869645,4
3,2.9054661603452,2
2,1.73894213432306,4
4,1.66980705223294,4
2,1.64828892235472,4
0,2.7103913101189,2
4,1.95616912596333,4
2,0.672936197799439,4
1,2.60717292922552,2
2,1.56602049970242,4
1,2.19739459163981,3
0,2.33297181656252,3
0,1.77329369738663,4
2,1.14964962675465,4
3,0.840985451019802,4
2,1.56357403383534,4
4,0.870713477928639,4
1,0.61316598823277,4
1,2.57239170870492,2
1,2.30759662333527,3
1,2.31804652109334,3
1,2.31055728577378,3
2,1.58582003669286,4
3,1.63061374012985,4
4,1.55863220033099,4
1,0.68350530138605,4
3,0.970912378768146,4
1,3.34462667508871,1
1,1.88591665185174,4
3,1.4699645571763,4
2,1.43637544540519,4
1,3.39954285848665,1
2,3.56353579145622,0
1,2.07443875036016,3
2,2.50400528700665,2
2,0.966948806766779,4
4,2.69104420473533,2
0,0.864785083851288,4
1,1.99395245257517,4
2,1.20017971963579,4
2,2.19571289826199,3
1,1.90126652399213,4
2,0.839976523739633,4
3,1.36204376915262,4
3,0.850743864501521,4
3,1.00336530597423,4
3,1.39053969802992,4
2,2.43998132580923,3
3,1.24331171627919,4
1,1.96484665637417,4
1,2.68822933071721,2
1,2.73970166725958,2
2,2.49612193603352,3
1,2.96880713326999,2
4,2.21594416922275,3
1,3.50374326451926,0
0,3.38472947195801,1
2,1.41760400960743,4
0,1.13933706349631,4
1,0.769589864228078,4
1,2.34844345354412,3
2,0.321831429684654,4
2,1.12413718648974,4
2,2.71709695383295,2
2,2.65654078049586,2
2,1.52774806622584,4
1,2.73567294904383,2
1,3.74810228053004,0
2,1.70621248858632,4
0,0.959041522864601,4
0,4,0
2,1.85892485562093,4
2,1.00077555692173,4
1,2.41365187258427,3
1,1.17219163293625,4
3,0.275935100071076,4
3,1.90764037980734,4
2,2.01857978219019,3
2,0.915712179593851,4
2,3.12911663958354,1
4,1.94598918841863,4
4,1.51005869748844,4
1,0.153031811650815,4
3,1.71198467684162,4
1,1.41997709860383,4
1,2.43873125265043,3
2,0.316755973731522,4
2,3.54331591489301,0
3,3.12526966249642,1
0,0.655011588141729,4
2,3.51161386273124,0
3,2.8625628192348,2
3,1.11622846134503,4
1,3.20118195533231,1
1,0.100592148089418,4
2,3.01713368239131,1
1,2.22054850893933,3
4,1.11106846234396,4
3,0.991892391202009,4
1,1.17534765812081,4
1,2.29253964213371,3
0,2.29422135719029,3
3,0.369920626897145,4
1,0.665741207119298,4
2,0.728918813832656,4
2,1.01019803375108,4
2,1.8298105464885,4
0,0.940947219838506,4
1,1.15286669115415,4
3,3.03019698253954,1
3,1.75709195354149,4
2,1.96612344265302,4
0,1.30164373587937,4
1,3.77289660847887,0
2,1.92216590907957,4
1,1.78903677590955,4
3,0.6329881184701,4
2,2.85043529243108,2
0,2.68482128652662,2
3,1.89934025014664,4
4,2.45430670186428,3
0,1.20833228256717,4
2,1.52691604619684,4
1,2.68671675443545,2
1,1.13078535925815,4
1,0.741103055009212,4
2,2.89340029465356,2
4,1.37638068846407,4
2,1.93560256078346,4
0,1.05831135232594,4
2,1.23042875583496,4
1,0.147068869997731,4
3,1.16969051378729,4
2,1.01621504223863,4
1,2.52102773486523,2
1,2.02784192224157,3
2,2.67094755432435,2
1,2.87287936550396,2
2,1.02964864536773,4
1,1.75749731276961,4
1,1.89528334324859,4
2,2.03536728604115,3
3,2.05314789416603,3
3,2.32971925427064,3
1,1.75621155300042,4
1,2.82734295432737,2
1,0.693712512160285,4
2,2.95396192172268,2
2,0.989468441318707,4
3,2.13706810634336,3
3,3.03210533252155,1
1,2.80436317511095,2
2,0.612802502343138,4
3,2.20223293964899,3
3,1.41026203819448,4
0,1.44140954291352,4
1,1.2335870210314,4
2,2.79057514701878,2
1,0.378543634539165,4
1,2.17281232182502,3
0,2.39168768271434,3
2,1.78310746722353,4
1,1.78592698583997,4
0,1.26877212306822,4
1,1.48686565156888,4
3,1.06193599665201,4
3,0,4
2,2.15161798033578,3
2,3.59748909376417,0
4,3.8127571875989,0
1,1.1767815056706,4
1,1.94832751586038,4
1,1.80809719804236,4
1,3.2221400896055,1
1,0.809260143410981,4
3,1.29459288010793,4
2,1.0777476837996,4
2,2.92018189840706,2
3,0.796142915896213,4
0,1.44605235150111,4
1,0.940184256713778,4
2,1.78206066709944,4
2,1.10589986959556,4
0,2.81347034515229,2
2,1.65178667236737,4
2,3.6035075722405,0
2,1.5269602894053,4
2,3.45904473387381,1
1,3.33397000236735,1
0,1.71818172318175,4
2,3.18323248938583,1
1,0.996647663021241,4
3,2.52508632157089,2
2,0.512852046329121,4
1,2.8644980668526,2
2,1.73336404656001,4
2,2.98689162093054,2
1,2.56536805269525,2
3,3.13918930482504,1
3,3.63641656786003,0
2,1.46744236663876,4
0,1.79953114931723,4
2,3.18312611718812,1
2,1.44196419700656,4
1,1.88158898662636,4
1,3.13262929741737,1
3,0.814285349228652,4
0,2.47779037428964,3
2,2.97133201632582,2
2,2.07197243137795,3
2,1.63568673277781,4
0,0.906276516266246,4
3,0.809067853153973,4
1,1.68383202572066,4
2,3.13878439406738,1
2,1.79895034008762,4
2,1.68730743519766,4
4,0.903085576857807,4
2,3.13762435084754,3
1,3.18921716977036,2
4,1.79536907819363,3
2,2.4359581995274,4
1,1.68848960915791,4
1,1.84405637946654,1
3,1.3055845144948,2
1,3.54515303587401,2
2,2.17234554236808,4
2,0.375147850563929,4
1,1.55787049260306,3
2,2.18571084031021,3
0,2.45980467173823,1
2,0.427568506597359,4
2,0.871999115029432,3
2,3.22293749868912,1
2,0.818126102742825,2
3,0.618936614382706,4
2,1.17460951431087,0
0,2.80056908413359,4
1,2.99545829571911,3
2,3.35365974329861,4
3,2.73266119714952,0
3,2.55566754272753,4
3,2.3780500420818,3
1,2.06079245909585,2
2,3.11525055585478,3
2,3.45379061889631,1
1,0,3
0,1.02818368915101,1
3,1.98945519558855,4
1,1.67203405836784,1
1,0.876266660476774,4
0,0.859745288455254,1
3,1.97060015924471,3
2,2.26885073416938,0
2,1.11944101772116,4
3,2.37089309693243,1
1,1.49970193196868,0
2,1.87909846038534,1
0,1.69934810635484,1
1,3.36759115994789,1
3,1.28781899772086,3
2,0,1
1,0.576402719783198,0
1,1.99229884714332,1
2,3.04393162440261,2
0,1.7561861678089,4
1,3.25378596231759,3
1,1.09338757062555,2
1,0.763471998256058,2
3,2.29735558619369,0
1,1.65115612937972,0
1,2.82761486802128,3
2,2.05577225590366,3
3,0.769740612139096,4
1,2.63569345083473,1
0,1.93377980861387,3
1,2.71575327031774,3
2,1.32517278425798,1
2,1.24509114017986,4
3,1.33397410287911,0
4,2.6223276764791,4
2,2.40728404313615,1
2,2.26616030967447,0
2,1.76099967884695,0
0,0.81301742241183,0
4,2.19241453410119,4
1,3.21174375503816,1
1,1.27823566601087,4
2,0.923831697708389,4
1,1.32503901699831,2
2,1.60941027714416,3
2,1.26284873179529,4
2,2.24359309076809,2
3,1.55768796464135,1
1,1.16257407350016,2
2,1.68066118234203,4
2,1.5994240761324,1
2,1.27381817623103,2
2,2.21028920334534,4
1,1.00857190285308,1
2,0.968725634893168,1
1,2.68127735927207,3
3,2.40137385255781,4
1,2.37685434605086,3
2,1.94767693624079,1
0,1.77975612594913,1
1,0.557548887076955,2
2,2.79540580881386,3
3,1.5147637597129,0
2,3.04072961293995,4
3,3.20846174618405,3
2,0.621119927824666,1
2,2.79966973353561,2
1,1.30239288425008,4
3,3.48245251904329,4
1,1.25234858916971,2
3,1.16974580305184,1
3,2.28479144712127,0
3,1.02101925333977,2
2,2.89735500406741,0
2,3.27590345280267,3
2,2.43009119921045,4
1,3.22844807947793,1
2,0.214570090968717,0
0,2.02403037554931,1
2,3.03416743887847,3
1,1.69982530906828,0
1,2.09564819078084,1
1,0.524213566558533,1
2,1.30264140381775,3
2,2.13712441060869,2
0,2.4222760935888,3
2,2.56961418130556,0
1,2.70295861751592,0
2,2.31167049964678,4
2,3.38499208876067,1
2,0.390755886981794,0
2,3.59776608445552,2
1,2.27566511307524,2
2,2.71057670077099,3
2,2.55597537637095,0
2,1.02772796618563,0
2,2.09569136543058,4
0,2.38083986903929,4
2,0.66207873669096,4
2,1.99651311568978,0
1,2.13986415086581,3
0,1.36143470719074,3
0,0.495859041026464,3
3,1.28766735664722,3
2,2.66507555165668,2
1,0.954787542101481,0
1,0,1
2,2.31695997446509,0
3,0.674362943608145,3
0,2.53663378226987,2
1,2.34333135268332,2
3,2.24045083837452,0
0,3.05264095828894,1
1,0.953840684921522,3
4,2.59611126456224,2
2,4,3
1,1.08238995034159,3
0,0.528225551474469,3
0,1.46274629174936,4
1,2.00672172523772,3
3,0.473300870906962,3
2,2.37804894515579,1
2,3.54643280871297,1
3,2.28846667525695,4
2,1.33993550863299,4
1,0.813147626795248,3
2,1.55610607122938,2
3,3.2629223546667,2
3,2.17935706850043,0
0,2.22005054699864,2
2,2.22651359509038,2
2,1.56564784767087,1
3,2.07877789908114,0
1,1.56241126221151,0
2,3.57294531987628,1
3,2.07303316718152,2
2,1.28893769618263,2
2,2.5474496063949,0
0,2.03776857463601,2
1,2.91589813295983,0
1,2.79906388500272,2
3,3.2501100112534,3
1,1.82332310264585,1
2,2.99291233609374,4
2,2.6317363035462,3
1,0.932669739371062,2
2,0.872209535627566,4
2,2.45150244033515,3
3,3.495949742109,1
2,1.08888248217789,4
2,3.9794209177544,4
1,1.52101348997192,1
3,0.766257446988899,3
1,2.47139577918027,4
2,3.2865851336104,1
1,2.12147344248716,3
3,1.34763349311518,2
2,2.46294311824079,0
2,1.0410289006679,2
1,2.66997903530476,2
2,2.73504161076496,0
2,2.74209179356625,2
2,0.984294295219319,2
1,1.45472289820363,1
4,3.15859232389523,1
3,1.06741084987726,3
1,0.569419884925421,4
3,1.93476172740489,3
2,1.84910387606454,1
2,0.825019641346986,1
1,2.91389845895387,0
2,1.16453916609589,0
2,2.9282193907148,1
2,2.65235481271861,2
2,0.709353374214593,3
2,2.50949123030732,1
2,1.97937941376969,1
0,2.95625452361562,0
3,1.19192904555221,3
2,1.81003782264726,3
1,2.53911284852015,4
1,1.39563067511414,1
2,2.00008401114192,4
3,3.45550941103439,0
1,3.27914972702503,4
2,1.14233287952616,2
0,1.80329676262921,1
2,2.1400138778044,1
